epoch,time,train/giou_loss,train/cls_loss,train/l1_loss,metrics/precision(B),metrics/recall(B),metrics/mAP50(B),metrics/mAP50-95(B),val/giou_loss,val/cls_loss,val/l1_loss,lr/pg0,lr/pg1,lr/pg2
1,23.0287,1.16973,0.91363,0.46491,0.50956,0.74638,0.49451,0.15432,0.7252,0.62668,0.2282,0.000641975,0.000641975,0.000641975
2,43.8004,0.72402,0.48413,0.24277,0.41274,0.68478,0.50921,0.14201,0.79909,1.09509,0.26657,0.0013,0.0013,0.0013
3,63.7101,0.67405,0.51372,0.22521,0.5696,0.80797,0.65036,0.17293,0.79687,0.6895,0.27943,0.00194923,0.00194923,0.00194923
4,83.9205,0.66733,0.47419,0.22178,0.62459,0.21739,0.18266,0.05674,nan,nan,nan,0.0019604,0.0019604,0.0019604
5,104.051,0.61548,0.49667,0.19886,0.57486,0.17754,0.14976,0.03974,nan,nan,nan,0.0019472,0.0019472,0.0019472
6,124.137,0.61478,0.47953,0.19471,0.70164,0.41667,0.38411,0.12755,nan,nan,nan,0.001934,0.001934,0.001934
7,144.224,0.59697,0.4668,0.18924,0.79174,0.88406,0.80616,0.26396,0.67336,0.47529,0.20872,0.0019208,0.0019208,0.0019208
8,164.537,0.60475,0.46773,0.18578,0.67952,0.74275,0.58238,0.14903,0.8,0.52004,0.27857,0.0019076,0.0019076,0.0019076
9,184.576,0.57725,0.48052,0.18042,0.72727,0.72101,0.69164,0.21013,nan,nan,nan,0.0018944,0.0018944,0.0018944
10,204.522,0.59471,0.47052,0.19076,0.56512,0.03986,0.0325,0.01974,nan,nan,nan,0.0018812,0.0018812,0.0018812
11,224.536,0.56736,0.45904,0.1763,0.83155,0.93004,0.92446,0.33962,0.61687,0.51299,0.17989,0.001868,0.001868,0.001868
12,244.879,0.58153,0.4606,0.17971,0.75522,0.80487,0.7199,0.24141,nan,nan,nan,0.0018548,0.0018548,0.0018548
13,264.699,0.56392,0.45394,0.17492,0.77358,0.17391,0.16583,0.08457,nan,nan,nan,0.0018416,0.0018416,0.0018416
14,284.65,0.55745,0.45236,0.17341,0.76289,0.51293,0.48095,0.17556,nan,nan,nan,0.0018284,0.0018284,0.0018284
15,304.541,0.55626,0.45874,0.17927,0.76075,0.8295,0.75702,0.25151,0.70707,0.45384,0.22113,0.0018152,0.0018152,0.0018152
16,324.563,0.56807,0.45316,0.17536,0.79992,0.86911,0.85131,0.31837,0.62122,0.46775,0.18939,0.001802,0.001802,0.001802
17,344.655,0.54251,0.44889,0.17141,0.83282,0.92053,0.89859,0.35372,0.59927,0.45284,0.17874,0.0017888,0.0017888,0.0017888
18,365.032,0.57165,0.45167,0.18151,0.70161,0.77536,0.67506,0.18797,0.77117,0.46241,0.2581,0.0017756,0.0017756,0.0017756
19,385.122,0.59541,0.45326,0.19498,0.88239,0.96377,0.96632,0.41197,0.55342,0.4523,0.15451,0.0017624,0.0017624,0.0017624
20,405.41,0.58716,0.45284,0.18926,0.86878,0.93555,0.9575,0.43671,0.5368,0.44785,0.14386,0.0017492,0.0017492,0.0017492
21,425.743,0.55806,0.44073,0.17348,0.85723,0.97101,0.95596,0.3776,0.56912,0.4639,0.16207,0.001736,0.001736,0.001736
22,445.701,0.5523,0.4466,0.17119,0.86578,0.94203,0.94658,0.42347,0.52537,0.45338,0.14495,0.0017228,0.0017228,0.0017228
23,465.784,0.54394,0.4455,0.17033,0.88445,0.96739,0.9724,0.4544,0.5109,0.45392,0.1384,0.0017096,0.0017096,0.0017096
24,486.122,0.52967,0.44862,0.16614,0.86203,0.96739,0.96357,0.40717,0.55884,0.44904,0.15219,0.0016964,0.0016964,0.0016964
25,506.088,0.52692,0.44993,0.16122,0.89072,0.92754,0.95985,0.445,0.52827,0.44321,0.14335,0.0016832,0.0016832,0.0016832
26,525.989,0.51055,0.44159,0.15805,0.87242,0.9529,0.96087,0.43359,0.53729,0.47781,0.14659,0.00167,0.00167,0.00167
27,545.92,0.51769,0.4508,0.16233,0.89097,0.91782,0.93655,0.40629,0.55225,0.46625,0.1543,0.0016568,0.0016568,0.0016568
28,565.892,0.5254,0.45113,0.16505,0.89259,0.93335,0.93915,0.43662,0.51882,0.44679,0.13856,0.0016436,0.0016436,0.0016436
29,585.936,0.53947,0.44566,0.16774,0.77863,0.89493,0.83339,0.29883,0.63999,0.45699,0.19202,0.0016304,0.0016304,0.0016304
30,606.004,0.52875,0.44529,0.16465,0.84814,0.96377,0.94941,0.4393,0.51905,0.46727,0.14159,0.0016172,0.0016172,0.0016172
31,626.024,0.50437,0.44302,0.15747,0.89158,0.95652,0.95501,0.44985,0.51621,0.44784,0.14102,0.001604,0.001604,0.001604
32,645.918,0.52004,0.43874,0.15442,0.90216,0.9689,0.9747,0.44071,0.51853,0.44468,0.14079,0.0015908,0.0015908,0.0015908
33,665.703,0.48846,0.43975,0.14943,0.88329,0.95977,0.95018,0.40918,0.53359,0.4575,0.1477,0.0015776,0.0015776,0.0015776
34,685.652,0.48889,0.44121,0.15329,0.86518,0.96014,0.96213,0.4144,0.53175,0.45438,0.14833,0.0015644,0.0015644,0.0015644
35,705.587,0.50445,0.43977,0.15148,0.8686,0.96739,0.95839,0.44181,0.50437,0.45389,0.13692,0.0015512,0.0015512,0.0015512
36,725.652,0.50825,0.44071,0.15968,0.89388,0.96014,0.97346,0.44918,0.50591,0.44636,0.13726,0.001538,0.001538,0.001538
37,745.761,0.50419,0.43493,0.16002,0.87757,0.9529,0.96739,0.38377,0.55212,0.45786,0.1584,0.0015248,0.0015248,0.0015248
38,765.757,0.5069,0.43219,0.15855,0.87239,0.95652,0.95886,0.40428,0.54368,0.45272,0.15324,0.0015116,0.0015116,0.0015116
39,785.839,0.50094,0.43388,0.15424,0.83118,0.9276,0.89198,0.3171,0.61951,0.46992,0.1834,0.0014984,0.0014984,0.0014984
40,805.923,0.50432,0.43613,0.1553,0.85292,0.95652,0.93958,0.38192,0.56152,0.4635,0.15688,0.0014852,0.0014852,0.0014852
41,826.068,0.50863,0.43486,0.15714,0.89402,0.97803,0.96452,0.44284,0.50601,0.45365,0.13845,0.001472,0.001472,0.001472
42,846.094,0.50613,0.43208,0.15834,0.89139,0.94928,0.9271,0.35788,0.57519,0.46088,0.16393,0.0014588,0.0014588,0.0014588
43,866.14,0.53585,0.44077,0.16733,0.90362,0.96014,0.96405,0.45522,0.50279,0.45704,0.13608,0.0014456,0.0014456,0.0014456
44,886.67,0.52416,0.43888,0.16223,0.88686,0.96565,0.9573,0.48359,0.47669,0.44382,0.12707,0.0014324,0.0014324,0.0014324
45,907.054,0.51449,0.43172,0.16341,0.87194,0.96212,0.93633,0.3988,0.53426,0.44975,0.14908,0.0014192,0.0014192,0.0014192
46,927.024,0.50675,0.42881,0.1556,0.87484,0.97101,0.93882,0.48085,0.47134,0.4446,0.12258,0.001406,0.001406,0.001406
47,946.913,0.48581,0.43034,0.14665,0.89417,0.97464,0.97028,0.47723,0.4832,0.44109,0.12588,0.0013928,0.0013928,0.0013928
48,966.885,0.49306,0.4306,0.14704,0.8914,0.97464,0.9689,0.46451,0.4802,0.43831,0.12932,0.0013796,0.0013796,0.0013796
49,986.948,0.47166,0.42961,0.1501,0.88576,0.97101,0.96816,0.48516,0.46891,0.43885,0.12527,0.0013664,0.0013664,0.0013664
50,1007.26,0.4761,0.43139,0.14462,0.89372,0.95652,0.96275,0.48023,0.47972,0.44806,0.12748,0.0013532,0.0013532,0.0013532
51,1027.16,0.48707,0.43664,0.14801,0.87505,0.95652,0.95468,0.4893,0.47019,0.45151,0.12658,0.00134,0.00134,0.00134
52,1047.41,0.4819,0.43341,0.14419,0.85672,0.92754,0.87287,0.3299,0.56438,0.46946,0.16677,0.0013268,0.0013268,0.0013268
53,1067.31,0.48883,0.42532,0.14588,0.89399,0.91667,0.9043,0.37134,0.53566,0.44784,0.15488,0.0013136,0.0013136,0.0013136
54,1087.28,0.48401,0.4307,0.14613,0.88757,0.96377,0.94501,0.39583,0.52464,0.46093,0.15094,0.0013004,0.0013004,0.0013004
55,1107.27,0.49163,0.4343,0.15068,0.88524,0.95024,0.95795,0.4248,0.51182,0.44833,0.14379,0.0012872,0.0012872,0.0012872
56,1127.1,0.49478,0.4335,0.1521,0.90431,0.96739,0.97075,0.45093,0.49096,0.45418,0.13421,0.001274,0.001274,0.001274
57,1147.14,0.48578,0.42898,0.1481,0.93207,0.97464,0.97071,0.47807,0.49331,0.4404,0.1279,0.0012608,0.0012608,0.0012608
58,1167.02,0.47911,0.42937,0.14879,0.92045,0.94928,0.97053,0.49371,0.47721,0.43901,0.12577,0.0012476,0.0012476,0.0012476
59,1187.13,0.49401,0.43195,0.15464,0.89911,0.96872,0.97396,0.47724,0.47674,0.43985,0.13056,0.0012344,0.0012344,0.0012344
60,1207.03,0.47962,0.42676,0.14939,0.88393,0.93814,0.94817,0.37898,0.57741,0.4647,0.16675,0.0012212,0.0012212,0.0012212
61,1226.92,0.4878,0.43369,0.14732,0.90635,0.93116,0.97315,0.44066,0.50897,0.45116,0.14049,0.001208,0.001208,0.001208
62,1246.89,0.49553,0.43436,0.15435,0.7931,0.8587,0.79776,0.25525,0.67299,0.48134,0.21315,0.0011948,0.0011948,0.0011948
63,1266.82,0.48551,0.43107,0.14817,0.91992,0.95735,0.97669,0.44289,0.50073,0.44166,0.13846,0.0011816,0.0011816,0.0011816
64,1286.7,0.47535,0.43233,0.14828,0.90808,0.96643,0.97933,0.46331,0.48576,0.45232,0.13243,0.0011684,0.0011684,0.0011684
65,1306.63,0.46289,0.43032,0.13919,0.92425,0.97101,0.97921,0.47094,0.48553,0.44377,0.13355,0.0011552,0.0011552,0.0011552
66,1326.62,0.46536,0.42538,0.13935,0.91601,0.97464,0.9746,0.46403,0.4941,0.4425,0.13531,0.001142,0.001142,0.001142
67,1346.64,0.45758,0.42436,0.13995,0.91243,0.95652,0.97283,0.47128,0.492,0.44786,0.13359,0.0011288,0.0011288,0.0011288
68,1366.52,0.46306,0.42417,0.14695,0.92517,0.97464,0.97398,0.41987,0.53608,0.45721,0.15323,0.0011156,0.0011156,0.0011156
69,1386.36,0.45318,0.42419,0.13756,0.89091,0.97101,0.96546,0.49585,0.46411,0.45185,0.12438,0.0011024,0.0011024,0.0011024
70,1406.5,0.4461,0.41998,0.12756,0.89498,0.97464,0.97054,0.48681,0.46781,0.45209,0.12735,0.0010892,0.0010892,0.0010892
71,1426.39,0.45154,0.42112,0.14129,0.92724,0.95652,0.97559,0.50712,0.45197,0.43964,0.1193,0.001076,0.001076,0.001076
72,1446.73,0.45154,0.42632,0.13373,0.90873,0.96739,0.95148,0.42177,0.52741,0.46947,0.15143,0.0010628,0.0010628,0.0010628
73,1466.89,0.45766,0.42069,0.14108,0.91313,0.94928,0.94877,0.42866,0.5263,0.44828,0.14966,0.0010496,0.0010496,0.0010496
74,1486.81,0.44636,0.42363,0.13495,0.90306,0.98188,0.95903,0.5067,0.45288,0.44852,0.11708,0.0010364,0.0010364,0.0010364
75,1506.75,0.46442,0.42814,0.14104,0.87529,0.97101,0.9358,0.44795,0.47831,0.44522,0.12945,0.0010232,0.0010232,0.0010232
76,1526.67,0.45664,0.42459,0.13849,0.8695,0.93478,0.9172,0.37384,0.56279,0.46808,0.16549,0.00101,0.00101,0.00101
77,1546.55,0.45403,0.42531,0.13368,0.9092,0.97464,0.97061,0.51421,0.4514,0.45341,0.12054,0.0009968,0.0009968,0.0009968
78,1566.87,0.43676,0.42285,0.13366,0.90247,0.98188,0.9731,0.50528,0.45994,0.44877,0.1249,0.0009836,0.0009836,0.0009836
79,1586.9,0.43957,0.4181,0.13305,0.8944,0.97101,0.95682,0.44042,0.51322,0.45856,0.14352,0.0009704,0.0009704,0.0009704
80,1607,0.44421,0.42008,0.13116,0.90017,0.98009,0.97631,0.52887,0.43617,0.43328,0.11483,0.0009572,0.0009572,0.0009572
81,1627.25,0.46048,0.42096,0.14208,0.89187,0.98188,0.9761,0.49193,0.4717,0.4456,0.12587,0.000944,0.000944,0.000944
82,1647.22,0.43751,0.41449,0.13332,0.91823,0.98188,0.9761,0.52515,0.43767,0.43535,0.11027,0.0009308,0.0009308,0.0009308
83,1667.09,0.43876,0.41568,0.13141,0.92474,0.97101,0.97674,0.49266,0.46722,0.43919,0.12761,0.0009176,0.0009176,0.0009176
84,1687,0.43564,0.41843,0.12656,0.92584,0.98188,0.97809,0.55015,0.42028,0.43649,0.10858,0.0009044,0.0009044,0.0009044
85,1707.35,0.43427,0.41599,0.13084,0.92208,0.98612,0.98207,0.54474,0.42368,0.42539,0.11178,0.0008912,0.0008912,0.0008912
86,1727.24,0.4459,0.41776,0.13059,0.91748,0.99275,0.97663,0.50281,0.46022,0.43946,0.11663,0.000878,0.000878,0.000878
87,1747.35,0.44166,0.41854,0.13295,0.90764,0.98551,0.97235,0.48153,0.48962,0.44732,0.13397,0.0008648,0.0008648,0.0008648
88,1767.33,0.43903,0.41546,0.12923,0.90062,0.98551,0.97564,0.54581,0.42487,0.42643,0.1087,0.0008516,0.0008516,0.0008516
89,1787.31,0.43635,0.41596,0.12559,0.92225,0.98844,0.97863,0.54977,0.42662,0.43199,0.10972,0.0008384,0.0008384,0.0008384
90,1807.26,0.42701,0.41167,0.12774,0.92609,0.96739,0.9804,0.47741,0.47615,0.44055,0.13154,0.0008252,0.0008252,0.0008252
91,1827.24,0.42072,0.40956,0.12614,0.91939,0.96377,0.976,0.51706,0.46485,0.4396,0.11655,0.000812,0.000812,0.000812
92,1847.14,0.42395,0.41406,0.12593,0.90241,0.97464,0.9786,0.54122,0.43235,0.43869,0.11416,0.0007988,0.0007988,0.0007988
93,1867.12,0.42386,0.4106,0.12198,0.89759,0.97826,0.96549,0.51116,0.4577,0.43703,0.11972,0.0007856,0.0007856,0.0007856
94,1887.09,0.42064,0.41219,0.12202,0.91139,0.96377,0.97389,0.53271,0.44441,0.43791,0.11769,0.0007724,0.0007724,0.0007724
95,1907.13,0.4085,0.40727,0.11972,0.90703,0.97826,0.97195,0.56442,0.4097,0.4282,0.10466,0.0007592,0.0007592,0.0007592
96,1927.44,0.40956,0.40373,0.11441,0.91627,0.97464,0.97062,0.56169,0.405,0.4204,0.10047,0.000746,0.000746,0.000746
97,1947.41,0.40484,0.40611,0.1188,0.92478,0.99275,0.98048,0.59113,0.38649,0.41893,0.09774,0.0007328,0.0007328,0.0007328
98,1967.58,0.42169,0.40702,0.1234,0.92331,0.98551,0.98219,0.55943,0.41737,0.42475,0.10492,0.0007196,0.0007196,0.0007196
99,1987.59,0.40575,0.399,0.11515,0.9209,0.97024,0.97919,0.56859,0.41308,0.42349,0.10178,0.0007064,0.0007064,0.0007064
100,2007.6,0.391,0.40097,0.11409,0.92276,1,0.98565,0.54485,0.43335,0.4462,0.1167,0.0006932,0.0006932,0.0006932
101,2027.63,0.39105,0.39982,0.11429,0.93296,0.97826,0.98358,0.56166,0.41715,0.42397,0.10777,0.00068,0.00068,0.00068
102,2047.65,0.40078,0.40182,0.11503,0.91242,0.84783,0.84316,0.49218,nan,nan,nan,0.0006668,0.0006668,0.0006668
103,2067.66,0.41812,0.4083,0.12414,0.91711,0.98913,0.98178,0.53922,0.43505,0.44788,0.11898,0.0006536,0.0006536,0.0006536
104,2087.62,0.39703,0.40016,0.11436,0.93037,0.9683,0.97901,0.59292,0.38567,0.41056,0.09532,0.0006404,0.0006404,0.0006404
105,2108.04,0.39304,0.39579,0.11637,0.91467,0.97464,0.98012,0.56487,0.4157,0.42908,0.11019,0.0006272,0.0006272,0.0006272
106,2128.15,0.40169,0.39318,0.11335,0.91733,0.98188,0.9816,0.60045,0.38085,0.42205,0.09702,0.000614,0.000614,0.000614
107,2148.49,0.40267,0.40509,0.11648,0.93465,0.98453,0.98211,0.6076,0.37015,0.40595,0.09234,0.0006008,0.0006008,0.0006008
108,2168.92,0.40069,0.40319,0.11719,0.94538,0.98551,0.98529,0.60315,0.3769,0.41251,0.09531,0.0005876,0.0005876,0.0005876
109,2189.07,0.39043,0.39868,0.11245,0.93231,0.99275,0.98563,0.60237,0.37977,0.42483,0.09761,0.0005744,0.0005744,0.0005744
110,2209.12,0.385,0.39391,0.10954,0.9237,0.95652,0.98035,0.59029,0.39352,0.42788,0.10015,0.0005612,0.0005612,0.0005612
111,2229.14,0.38136,0.39315,0.11017,0.91053,0.99638,0.98156,0.60421,0.37182,0.4191,0.09272,0.000548,0.000548,0.000548
112,2249.1,0.38189,0.39374,0.10635,0.91318,0.99638,0.98235,0.59601,0.3838,0.4275,0.09726,0.0005348,0.0005348,0.0005348
113,2269.13,0.37856,0.38903,0.10779,0.92896,0.98551,0.98085,0.60229,0.37851,0.41611,0.09328,0.0005216,0.0005216,0.0005216
114,2289.09,0.38156,0.39213,0.10871,0.93503,0.98188,0.98161,0.53617,0.43991,0.44593,0.11875,0.0005084,0.0005084,0.0005084
115,2309.15,0.37772,0.38809,0.10593,0.93553,0.99903,0.98378,0.59963,0.38641,0.42214,0.09469,0.0004952,0.0004952,0.0004952
116,2329.26,0.36985,0.38502,0.1053,0.93137,0.98913,0.98388,0.61155,0.37426,0.41565,0.09252,0.000482,0.000482,0.000482
117,2349.59,0.38336,0.39081,0.10998,0.93668,0.98551,0.98494,0.57256,0.40858,0.43047,0.10549,0.0004688,0.0004688,0.0004688
118,2369.66,0.36975,0.38203,0.10402,0.92497,0.99275,0.98481,0.61602,0.36917,0.42366,0.09266,0.0004556,0.0004556,0.0004556
119,2390.08,0.37957,0.38995,0.11058,0.93843,0.99275,0.98648,0.62168,0.36786,0.41646,0.09414,0.0004424,0.0004424,0.0004424
120,2410.42,0.35942,0.38331,0.10359,0.93823,0.99275,0.98547,0.63286,0.35902,0.40796,0.08964,0.0004292,0.0004292,0.0004292
121,2430.9,0.36861,0.37966,0.10498,0.93343,0.98913,0.98543,0.63359,0.35779,0.40853,0.08938,0.000416,0.000416,0.000416
122,2451.22,0.35444,0.38327,0.10331,0.93234,0.99859,0.98538,0.62289,0.36845,0.41432,0.09196,0.0004028,0.0004028,0.0004028
123,2471.38,0.36619,0.38222,0.10216,0.93822,0.99275,0.98423,0.6297,0.36406,0.40991,0.08865,0.0003896,0.0003896,0.0003896
124,2491.5,0.36659,0.38588,0.10291,0.92308,0.99638,0.98514,0.61207,0.3817,0.42534,0.09828,0.0003764,0.0003764,0.0003764
125,2511.65,0.37251,0.38621,0.10719,0.9251,0.98447,0.98533,0.59677,0.39006,0.42685,0.10243,0.0003632,0.0003632,0.0003632
126,2531.73,0.36849,0.38754,0.10478,0.94157,1,0.98584,0.64008,0.34562,0.40091,0.08421,0.00035,0.00035,0.00035
127,2552.14,0.36436,0.38487,0.10581,0.9432,0.99275,0.98698,0.65343,0.34449,0.39839,0.08616,0.0003368,0.0003368,0.0003368
128,2572.46,0.35271,0.38283,0.10005,0.93466,0.99275,0.98491,0.65941,0.33577,0.39599,0.08264,0.0003236,0.0003236,0.0003236
129,2592.84,0.34877,0.38104,0.09845,0.9363,0.99638,0.98653,0.63588,0.35501,0.41072,0.08749,0.0003104,0.0003104,0.0003104
130,2612.71,0.3596,0.3786,0.10081,0.93537,0.99638,0.98694,0.64321,0.34773,0.41046,0.08643,0.0002972,0.0002972,0.0002972
131,2632.7,0.35001,0.3788,0.09999,0.93435,0.99275,0.98549,0.66169,0.33322,0.39804,0.08185,0.000284,0.000284,0.000284
132,2653.08,0.35289,0.37619,0.10043,0.94471,0.99275,0.98521,0.64724,0.34882,0.4009,0.08626,0.0002708,0.0002708,0.0002708
133,2673.13,0.33921,0.37222,0.09511,0.93681,0.99275,0.98626,0.64585,0.34722,0.40658,0.08779,0.0002576,0.0002576,0.0002576
134,2693.14,0.35269,0.37143,0.10014,0.92971,0.99638,0.98597,0.65196,0.34346,0.40921,0.08561,0.0002444,0.0002444,0.0002444
135,2713.12,0.34645,0.37044,0.09608,0.9344,0.99275,0.98595,0.64344,0.3481,0.41009,0.08747,0.0002312,0.0002312,0.0002312
136,2733.11,0.34464,0.37059,0.09671,0.94206,0.99275,0.98546,0.66204,0.3314,0.39812,0.08118,0.000218,0.000218,0.000218
137,2753.46,0.34365,0.37395,0.09523,0.93755,0.99275,0.98665,0.6453,0.35052,0.40961,0.08803,0.0002048,0.0002048,0.0002048
138,2773.44,0.3384,0.36971,0.09567,0.93397,0.99275,0.98679,0.65998,0.33635,0.40202,0.08268,0.0001916,0.0001916,0.0001916
139,2793.41,0.33349,0.36533,0.09623,0.93536,0.99614,0.98753,0.6587,0.33955,0.40479,0.08439,0.0001784,0.0001784,0.0001784
140,2813.4,0.32969,0.36527,0.09371,0.93807,0.99275,0.98782,0.65864,0.33471,0.4022,0.08429,0.0001652,0.0001652,0.0001652
141,2834.29,0.31102,0.35914,0.09521,0.95403,0.99275,0.9887,0.63708,0.35573,0.41018,0.09075,0.000152,0.000152,0.000152
142,2854.55,0.29284,0.3478,0.08634,0.95614,0.98551,0.98887,0.65569,0.33819,0.3974,0.0841,0.0001388,0.0001388,0.0001388
143,2874.46,0.30593,0.35674,0.09425,0.9546,0.99043,0.98919,0.6395,0.35595,0.40926,0.09113,0.0001256,0.0001256,0.0001256
144,2894.35,0.29608,0.34776,0.08794,0.95136,0.98551,0.98839,0.6552,0.33768,0.39999,0.0841,0.0001124,0.0001124,0.0001124
145,2914.24,0.29756,0.35038,0.08713,0.94408,0.99275,0.98757,0.64491,0.34808,0.40972,0.08819,9.92e-05,9.92e-05,9.92e-05
146,2934.13,0.29504,0.35007,0.0893,0.94221,0.99275,0.98731,0.6421,0.35057,0.41163,0.08888,8.6e-05,8.6e-05,8.6e-05
147,2954.16,0.29795,0.35239,0.08815,0.94074,0.99275,0.98766,0.66313,0.33666,0.40243,0.08352,7.28e-05,7.28e-05,7.28e-05
148,2974.45,0.29046,0.34628,0.08668,0.94089,0.98913,0.98819,0.64906,0.34294,0.40741,0.08685,5.96e-05,5.96e-05,5.96e-05
149,2994.35,0.28955,0.34508,0.08612,0.9422,0.99275,0.98869,0.64785,0.34688,0.40937,0.0886,4.64e-05,4.64e-05,4.64e-05
150,3014.32,0.29836,0.34941,0.09197,0.94222,0.98913,0.98852,0.65619,0.34147,0.40738,0.08681,3.32e-05,3.32e-05,3.32e-05
