tile,fold,x0,y0,x1,y1,score
tile_r016227_c004195,0,360.02685546875,97.446044921875,423.5868225097656,156.22601318359375,0.8209027051925659
tile_r016227_c004195,0,81.63096618652344,36.90931701660156,142.0192108154297,92.3155288696289,0.8194994926452637
tile_r016227_c004195,0,0.0467514023184776,320.28472900390625,44.06700134277344,366.5232238769531,0.7897307276725769
tile_r016227_c004195,0,24.42419815063477,108.6589126586914,99.5821762084961,180.69454956054688,0.7658005356788635
tile_r016227_c004195,0,315.1612854003906,382.56097412109375,362.0287780761719,429.0166015625,0.7460313439369202
tile_r016227_c004195,0,290.4379272460937,20.969745635986328,346.2566833496094,75.4302978515625,0.7333187460899353
tile_r016227_c004195,0,439.8810424804688,364.5980529785156,511.42681884765625,439.22900390625,0.6852850914001465
tile_r016227_c004195,0,62.855751037597656,176.37937927246094,127.1120147705078,232.2156982421875,0.6318873763084412
tile_r016227_c004195,0,396.8098449707031,187.33596801757807,443.60552978515625,233.6861114501953,0.5999861359596252
tile_r016227_c004195,0,0.9750579595565796,237.5072021484375,39.23727035522461,273.924560546875,0.59897381067276
tile_r016227_c004195,0,170.7625732421875,315.6332092285156,245.9258270263672,394.7190551757813,0.5657069087028503
tile_r016227_c004195,0,441.9826049804688,297.6473999023437,484.1668090820313,338.362060546875,0.5487457513809204
tile_r016227_c004195,0,488.2190856933594,216.30517578125,512.0,280.0711975097656,0.5354236364364624
tile_r016227_c004195,0,134.0482940673828,197.6995086669922,182.25552368164065,241.4370574951172,0.5226746797561646
tile_r016227_c004195,0,0.0,0.0,37.30577850341797,36.81757354736328,0.506986141204834
tile_r016227_c004195,0,127.6916046142578,327.31280517578125,190.48849487304688,384.6180725097656,0.4826834499835968
tile_r016227_c004195,0,490.4561462402344,423.6481018066406,511.8431701660156,462.9537963867188,0.4550488889217376
tile_r016227_c004195,0,39.7532958984375,0.0,97.10829162597656,41.03962707519531,0.4384715557098388
tile_r016227_c004195,0,320.84527587890625,118.5189437866211,347.1558532714844,143.0417938232422,0.3189802169799804
tile_r016227_c004195,0,480.1053161621094,208.5921936035156,511.62890625,287.68475341796875,0.239285722374916
tile_r016227_c004195,0,436.3904724121094,358.3697814941406,512.0,443.9630737304688,0.1985116004943847
tile_r016227_c004195,0,0.0,0.0,32.531856536865234,31.313207626342773,0.1675157994031906
tile_r016227_c004195,0,118.1791534423828,320.36846923828125,194.16909790039065,390.1751098632813,0.1618433594703674
tile_r016227_c004195,0,174.2279510498047,319.2245788574219,243.02517700195312,393.631591796875,0.127141386270523
tile_r016227_c004195,0,30.324939727783203,114.82720947265624,94.7557144165039,176.0054931640625,0.1264279633760452
tile_r016227_c004195,0,484.2200317382813,417.0362243652344,511.7950134277344,470.3653259277344,0.1237534061074256
tile_r016227_c004195,0,294.540283203125,25.79893493652344,343.45904541015625,70.81405639648438,0.1185393407940864
tile_r016227_c004195,0,392.7672119140625,183.4688262939453,446.9710083007813,237.18051147460935,0.1153438836336135
tile_r016227_c004195,0,499.6160583496094,109.6489486694336,511.99114990234375,168.48300170898438,0.107795625925064
tile_r016227_c004195,0,164.94418334960938,310.8076477050781,252.0547790527344,400.5792846679688,0.0885757356882095
tile_r016227_c004195,0,86.751953125,41.99309158325195,137.94918823242188,86.72529602050781,0.0846465975046157
tile_r016227_c004195,0,438.8460083007813,294.108642578125,487.0822143554688,342.5506896972656,0.0662859454751014
tile_r016227_c004195,0,57.79789352416992,170.41073608398438,129.88699340820312,238.05911254882807,0.0652741938829422
tile_r016227_c004195,0,318.2792358398437,113.6517333984375,350.8013610839844,144.95947265625,0.0431701056659221
tile_r016227_c004195,0,320.95556640625,116.67323303222656,348.521728515625,144.18756103515625,0.0346251651644706
tile_r016227_c004195,0,4.082931518554688,240.2782440185547,36.96442794799805,270.8257751464844,0.0346221439540386
tile_r016227_c004195,0,52.08821868896485,0.0,95.30550384521484,33.42607498168945,0.0335239320993423
tile_r016227_c004195,0,311.09332275390625,377.97955322265625,364.4012145996094,434.334228515625,0.031718660145998
tile_r016227_c004195,0,494.8893432617188,426.0775451660156,512.0,455.0343322753906,0.028158251196146
tile_r016227_c004195,0,139.2191619873047,333.99591064453125,187.900146484375,378.85638427734375,0.0222806278616189
tile_r016227_c004195,0,500.3762817382813,18.36975479125977,512.0,80.05792999267578,0.0216893125325441
tile_r016227_c004195,0,29.203754425048828,0.0,101.8395538330078,49.91728591918945,0.0206444077193737
tile_r016227_c004195,0,73.78529357910156,181.59417724609372,123.92439270019533,226.6459197998047,0.0183163173496723
tile_r016227_c004195,0,504.6199645996094,114.9342041015625,512.0,156.649169921875,0.0171351563185453
tile_r016227_c004195,0,498.0581665039063,97.77007293701172,512.0,168.07315063476562,0.0169892739504575
tile_r016227_c004195,0,488.32708740234375,99.7367172241211,511.9768981933594,179.93716430664062,0.0169663000851869
tile_r016227_c004195,0,112.63382720947266,313.23602294921875,198.06689453125,393.02972412109375,0.0159248374402523
tile_r016227_c004195,0,505.83880615234375,113.28083801269533,512.0,165.8837890625,0.0156789850443601
tile_r016227_c004195,0,0.0897357910871505,100.9980010986328,7.362019538879394,144.75247192382812,0.0125996945425868
tile_r016227_c004195,0,497.4842834472656,217.1539306640625,512.0,270.30255126953125,0.0120893325656652
tile_r016227_c004195,0,0.0,98.12619018554688,10.14055633544922,157.65802001953125,0.0116896927356719
tile_r016227_c004195,0,0.0,95.23529052734376,8.407475471496582,144.78038024902344,0.0114585468545556
tile_r016227_c004195,0,506.2546997070313,12.0233736038208,512.0,67.72050476074219,0.0110277440398931
tile_r016227_c004195,0,2.885119676589966,324.42510986328125,40.40343475341797,361.9385681152344,0.0106143206357955
tile_r016227_c004195,0,120.84322357177734,320.85369873046875,193.79627990722656,388.3058776855469,0.0100491093471646
tile_r016227_c004195,0,367.122314453125,103.1756591796875,419.116455078125,150.65328979492188,0.0096847666427493
tile_r016227_c004195,0,504.24609375,104.7262191772461,511.9535217285156,155.5410919189453,0.0091384528204798
tile_r016227_c004195,0,0.0,85.7646255493164,15.72679615020752,160.34535217285156,0.0090717179700732
tile_r016227_c004195,0,502.8904418945313,126.600341796875,511.9426879882813,183.84890747070312,0.0088182836771011
tile_r016227_c004195,0,498.93267822265625,7.994964599609375,512.0,74.40138244628906,0.0087505364790558
tile_r016227_c004195,0,506.5694885253906,12.998453140258787,512.0,74.21210479736328,0.0078576179221272
tile_r016227_c004195,0,504.6542053222656,90.74375915527344,511.97601318359375,155.86849975585938,0.0077745974995195
tile_r016227_c004195,0,486.9884643554688,87.72235107421875,511.9579162597656,178.200439453125,0.0071671442128717
tile_r016227_c004195,0,0.0,315.09246826171875,47.9702377319336,371.79541015625,0.007019804790616
tile_r016227_c004195,0,501.319580078125,28.43266868591309,512.0,92.7895050048828,0.0067924279719591
tile_r016227_c004195,0,356.88507080078125,92.18550872802734,428.13372802734375,161.95166015625,0.0063467868603765
tile_r016227_c004195,0,0.0806282013654708,190.61265563964844,6.524877071380615,242.9017639160156,0.0061474950052797
tile_r016227_c004195,0,0.0437461845576763,186.23391723632807,7.18609094619751,240.4131774902344,0.0059395371936261
tile_r016227_c004195,0,506.142822265625,108.50455474853516,511.9491271972656,179.7139892578125,0.0058741811662912
tile_r016227_c004195,0,0.0705402344465255,100.76119232177734,5.938391208648682,149.85000610351562,0.0058095841668546
tile_r016227_c004195,0,400.5343322753906,192.00552368164065,440.190185546875,229.42947387695312,0.0055376850068569
tile_r016227_c004195,0,501.5157165527344,47.99651336669922,512.0,133.53970336914062,0.0052822409197688
tile_r016227_c004195,0,3.7935073375701904,243.3997802734375,35.527366638183594,270.2440490722656,0.0052546323277056
tile_r016227_c004195,0,0.0,82.63029479980469,8.461492538452148,144.1416778564453,0.0048085022717714
tile_r016227_c004195,0,476.6498107910156,0.0,511.3846740722656,24.113147735595703,0.0047784186899662
tile_r016227_c004195,0,501.620849609375,35.99706268310547,512.0,117.5771713256836,0.0045331632718443
tile_r016227_c004195,0,505.348876953125,7.481939792633057,512.0,62.16597366333008,0.0044881994836032
tile_r016227_c004195,0,488.7810668945313,6.096459865570068,511.6431274414063,91.70661926269533,0.0044345268979668
tile_r016227_c004195,0,498.6917419433594,81.27900695800781,512.0,162.81741333007812,0.0042616692371666
tile_r016227_c004195,0,0.0824842453002929,349.4955444335937,6.83726978302002,391.3782653808594,0.0041239662095904
tile_r016227_c004195,0,443.2526245117188,507.8206481933594,489.0476684570313,512.0,0.0041107218712568
tile_r016227_c004195,0,471.88134765625,201.9899139404297,511.872802734375,292.96759033203125,0.0040190466679632
tile_r016227_c004195,0,128.99510192871094,190.90621948242188,187.02389526367188,246.84555053710935,0.0039395568892359
tile_r016227_c004195,0,506.5103454589844,16.109451293945312,511.987548828125,79.1944580078125,0.0038941269740462
tile_r016227_c004195,0,489.0445251464844,11.881280899047852,511.4065856933594,107.3125,0.0038600286934524
tile_r016227_c004195,0,396.8347778320313,187.8749237060547,443.3494262695313,232.0070343017578,0.0036762044765055
tile_r016227_c004195,0,480.0360412597656,0.0,512.0,16.649673461914062,0.003603084012866
tile_r016227_c004195,0,141.2556915283203,201.5209045410156,179.47434997558594,236.3071746826172,0.0035719394218176
tile_r016227_c004195,0,487.14501953125,1.1902068853378296,511.75787353515625,81.68627166748047,0.0034856777638196
tile_r016227_c004195,0,498.3772583007813,218.7105407714844,512.0,273.2584228515625,0.0034470700193196
tile_r016227_c004195,0,0.1158769577741622,194.7427978515625,5.841486930847168,244.8253173828125,0.0034450413659214
tile_r016227_c004195,0,0.142522245645523,340.46905517578125,8.029354095458984,390.1829833984375,0.0033571813255548
tile_r016227_c004195,0,346.8563537597656,502.23089599609375,412.4243774414063,512.0,0.0033324032556265
tile_r016227_c004195,0,489.089599609375,108.3617172241211,511.8680114746094,183.6232452392578,0.0033206706866621
tile_r016227_c004195,0,500.6883850097656,63.40903472900391,512.0,150.0331268310547,0.0032120856922119
tile_r016227_c004195,0,0.0,180.1228485107422,7.478412628173828,237.11453247070312,0.0032031668815761
tile_r016227_c004195,0,0.0724981278181076,202.80470275878903,6.213630676269531,263.63873291015625,0.003177193691954
tile_r016227_c004195,0,0.0,187.85256958007807,11.111856460571287,249.94778442382807,0.0030880223494023
tile_r016227_c004195,0,505.33013916015625,82.46473693847656,512.0,150.61477661132812,0.0030857832171022
tile_r016227_c004195,0,487.6486206054688,416.2119140625,512.0,467.5916137695313,0.0030174574349075
tile_r016227_c004195,0,439.0577087402344,501.8941040039063,491.5128479003906,511.9978637695313,0.0030061174184083
tile_r016227_c004195,0,474.5823364257813,399.8711242675781,511.039306640625,464.8370666503906,0.0029167535249143
tile_r016227_c004195,0,489.086669921875,0.0,511.9137573242188,35.02149200439453,0.0028992611914873
tile_r016227_c004195,0,0.0516307838261127,199.08338928222656,5.107426643371582,251.24441528320312,0.0028205774724483
tile_r016227_c004195,0,0.1848281919956207,199.19174194335935,13.305412292480469,258.21307373046875,0.0027827874291688
tile_r016227_c004195,0,0.0478412620723247,100.52520751953124,5.561810493469238,159.9989013671875,0.0027776143979281
tile_r016227_c004195,0,506.36572265625,20.37676048278809,511.966552734375,85.4710693359375,0.0027064851019531
tile_r016227_c004195,0,502.73919677734375,132.82192993164062,511.93853759765625,197.9821014404297,0.0027047547046095
tile_r016227_c004195,0,438.2644653320313,506.9131774902344,483.3681640625,512.0,0.0026891054585576
tile_r016227_c004195,0,460.0387268066406,0.0,510.4220581054688,18.988067626953125,0.0026700545568019
tile_r016227_c004195,0,498.8462829589844,445.9181213378906,512.0,508.4434509277344,0.0025434882845729
tile_r016227_c004195,0,498.356201171875,212.9278259277344,512.0,264.0439453125,0.0025237721856683
tile_r016227_c004195,0,497.3253784179688,497.9352111816406,511.90533447265625,512.0,0.0025005880743265
tile_r016227_c004195,0,357.56396484375,502.8010864257813,417.456298828125,512.0,0.0023167359177023
tile_r016227_c004195,0,345.9659729003906,0.0,416.9421997070313,11.304898262023926,0.0023111337795853
tile_r016227_c004195,0,488.272705078125,17.4063720703125,511.63079833984375,128.89686584472656,0.0022674719803035
tile_r016227_c004195,0,356.92791748046875,0.0,421.20111083984375,9.981440544128418,0.0022624849807471
tile_r016227_c004195,0,472.4606323242188,0.0,512.0,7.251723289489746,0.0022462168708443
tile_r016227_c004195,0,505.2412109375,0.0,512.0,58.94050216674805,0.002242260845378
tile_r016227_c004195,0,345.1511535644531,507.6560668945313,397.7399291992188,511.9720764160156,0.0022328980267047
tile_r016227_c004195,0,0.1064037308096885,212.91867065429688,13.4968843460083,272.1593322753906,0.0021925964392721
tile_r016227_c004195,0,0.0,104.7844696044922,7.866196632385254,161.01158142089844,0.0021924618631601
tile_r016227_c004195,0,506.4205627441406,110.6434326171875,511.9533081054688,187.39540100097656,0.0021892376244068
tile_r016227_c004195,0,499.8827209472656,272.553466796875,512.0,337.8505249023437,0.002168845385313
tile_r016227_c004195,0,502.1262817382813,287.015869140625,511.9266662597656,343.5829467773437,0.0021277496125549
tile_r016227_c004195,0,490.92816162109375,425.13232421875,512.0,466.6698303222656,0.0020860754884779
tile_r016227_c004195,0,0.0,74.4306640625,7.768115043640137,137.57781982421875,0.002081214217469
tile_r016227_c004195,0,489.190673828125,111.7290496826172,511.45452880859375,190.72840881347656,0.0020550163462758
tile_r016227_c004195,0,335.5368347167969,501.5726013183594,406.458251953125,512.0,0.0019244509749114
tile_r016227_c004195,0,0.0,269.3275756835937,5.574121952056885,326.3415222167969,0.0019161051604896
tile_r016227_c004195,0,333.79864501953125,0.0,411.418701171875,11.85470485687256,0.0019104342209175
tile_r016227_c004195,0,359.5692138671875,0.0,423.9859008789063,4.401819705963135,0.0019075068412348
tile_r016227_c004195,0,482.6927795410156,0.1890609711408615,511.8836364746094,57.14266204833984,0.0018906370969489
tile_r016227_c004195,0,505.5579528808594,464.8328247070313,511.9891052246094,505.7805786132813,0.0018589940154924
tile_r016227_c004195,0,505.1061096191406,468.4674682617188,511.893310546875,512.0,0.0018546440405771
tile_r016227_c004195,0,493.82330322265625,0.0,512.0,84.27166748046875,0.0018404619768261
tile_r016227_c004195,0,485.6976013183594,67.2829818725586,512.0,174.2300262451172,0.0018376109655946
tile_r016227_c004195,0,0.0288566593080759,266.2544250488281,5.4076690673828125,315.8236389160156,0.0018269513966515
tile_r016227_c004195,0,0.0,1.0899795293807983,33.52838897705078,32.586875915527344,0.0018250750144943
tile_r016227_c004195,0,317.01080322265625,113.9387435913086,349.8759155273437,146.74899291992188,0.0018183301435783
tile_r016227_c004195,0,373.7625732421875,508.12548828125,419.3291931152344,512.0,0.0018084110924974
tile_r016227_c004195,0,501.981689453125,119.1666488647461,512.0,172.23208618164062,0.0017777652246877
tile_r016227_c004195,0,0.0,26.116735458374023,6.052256107330322,74.1064682006836,0.0017736633308231
tile_r016227_c004195,0,492.0571899414063,223.3050079345703,511.9547424316406,276.34259033203125,0.0017485389253124
tile_r016227_c004195,0,506.1677856445313,24.448740005493164,512.0,98.10758972167967,0.001722126849927
tile_r016227_c004195,0,344.7071838378906,0.0,415.0096740722656,5.135397911071777,0.0017136003589257
tile_r016227_c004195,0,0.0219640731811523,134.91188049316406,5.986669540405273,191.44227600097656,0.0017002845415845
tile_r016227_c004195,0,505.7976989746094,31.569561004638672,512.0,106.9644546508789,0.0016834104899317
tile_r016227_c004195,0,492.1979064941406,102.6456527709961,512.0,179.55557250976562,0.0016594083281233
tile_r016227_c004195,0,506.6287536621094,117.3515167236328,512.0,193.1782684326172,0.0016498930053785
tile_r016227_c004195,0,494.5345764160156,4.688937187194824,512.0,91.1745147705078,0.0016292319633066
tile_r016227_c004195,0,368.3424682617188,503.6678161621094,426.71142578125,511.94049072265625,0.0016107023693621
tile_r016227_c004195,0,340.0851135253906,507.58111572265625,390.0954284667969,511.9375,0.0016057847533375
tile_r016227_c004195,0,0.0,108.86067199707033,9.87933349609375,175.4702911376953,0.0015911607770249
tile_r016227_c004195,0,0.025006104260683,140.72850036621094,5.912325382232666,196.6510467529297,0.0015832680510357
tile_r016227_c004195,0,0.0766811370849609,256.8836975097656,6.653912544250488,306.039794921875,0.0015777143416926
tile_r016227_c004195,0,0.0,19.173168182373047,6.325891017913818,66.67359161376953,0.0015709275612607
tile_r016227_c004195,0,492.5931701660156,111.2043685913086,512.0,183.69357299804688,0.0015706336125731
tile_r016227_c004195,0,506.1982421875,51.8452033996582,512.0,116.9690170288086,0.0015698770293965
tile_r016227_c004195,0,0.0568117126822471,263.6661071777344,5.945975303649902,309.165771484375,0.0015650010900571
tile_r016227_c004195,0,0.0369607917964458,103.77388763427734,5.739838600158691,169.05471801757812,0.0015552012482658
tile_r016227_c004195,0,506.05902099609375,66.96170806884766,511.971923828125,134.5256805419922,0.00155254767742
tile_r016227_c004195,0,496.5315856933594,428.7156372070313,512.0,457.1791076660156,0.001552089350298
tile_r016227_c004195,0,348.8322448730469,507.8981018066406,406.6056518554688,512.0,0.0015397312818095
tile_r016227_c004195,0,447.3042907714844,508.2951049804688,496.4869689941406,512.0,0.0015085937920957
tile_r016227_c004195,0,494.0831909179688,269.39013671875,512.0,349.8335266113281,0.0015042616287246
tile_r016227_c004195,0,365.9863586425781,0.0,429.1929626464844,4.673751831054688,0.0015012823278084
tile_r016227_c004195,0,503.1385803222656,231.3148193359375,512.0,274.3028259277344,0.0014739085454493
tile_r016227_c004195,0,505.2183227539063,271.5539245605469,512.0,328.75054931640625,0.0014608085621148
tile_r016227_c004195,0,0.0,168.11293029785156,13.37768268585205,249.0395965576172,0.00144620728679
tile_r016227_c004195,0,500.6671752929688,0.0584594719111919,511.9502868652344,16.224224090576172,0.0014429703587666
tile_r016227_c004195,0,0.0,172.8475341796875,7.500123023986816,231.4779510498047,0.0014277520822361
tile_r016227_c004195,0,432.2080078125,494.0784606933594,506.7796936035156,511.9391174316406,0.0014246933860704
tile_r016227_c004195,0,352.4754333496094,0.0,419.4964904785156,4.872405052185059,0.0014005049597471
tile_r016227_c004195,0,486.6273498535156,42.657005310058594,512.0,163.5238800048828,0.0013857095036655
tile_r016227_c004195,0,506.272216796875,60.73344802856445,511.97705078125,128.26019287109375,0.0013561375671997
tile_r016227_c004195,0,0.0008853912586346,109.83006286621094,5.974448204040527,177.22775268554688,0.0013347587082535
tile_r016227_c004195,0,0.0733825713396072,228.7582244873047,41.90480422973633,281.67022705078125,0.0012812225613743
tile_r016227_c004195,0,338.9654541015625,0.0,407.13470458984375,4.997857093811035,0.0012674273457378
tile_r016227_c004195,0,0.0380868911743164,352.2938537597656,6.119912624359131,394.4823913574219,0.0012578818714246
tile_r016227_c004195,0,0.0,31.098011016845703,5.974048614501953,79.89443969726562,0.0012560759205371
tile_r016227_c004195,0,0.0,430.9168395996094,6.431954860687256,473.7156677246094,0.0012512697139754
tile_r016227_c004195,0,363.5978393554688,508.2845153808594,415.9669799804688,512.0,0.0012427398469299
tile_r016227_c004195,0,505.263916015625,234.4710235595703,511.8164978027344,294.49981689453125,0.0012335524661466
tile_r016227_c004195,0,0.0,423.08392333984375,6.616831302642822,469.5956115722656,0.0012245259713381
tile_r016227_c004195,0,472.6045837402344,199.32125854492188,512.0,298.9525756835937,0.0012200024211779
tile_r016227_c004195,0,323.71270751953125,119.47930908203124,348.1917419433594,141.26730346679688,0.001217265962623
tile_r016227_c004195,0,319.2743835449219,0.0,399.97991943359375,11.307822227478027,0.0012153978459537
tile_r016227_c004195,0,0.0,65.83973693847656,17.733482360839844,157.3035125732422,0.0012066506315022
tile_r016227_c004195,0,505.6985473632813,75.34086608886719,511.9900817871094,141.38233947753906,0.0012035244144499
tile_r016227_c004195,0,495.5023498535156,2.961590528488159,512.0,60.522682189941406,0.0012002593139186
tile_r016227_c004195,0,366.9366455078125,0.0,429.0773010253906,8.904325485229492,0.0011988247279077
tile_r016227_c004195,0,0.0025428771041333,128.06002807617188,6.421181678771973,186.41639709472656,0.0011826583649963
tile_r016227_c004195,0,0.0217575076967477,118.5638427734375,6.524896144866943,182.91293334960935,0.0011705433716997
tile_r016227_c004195,0,0.0049100876785814,275.76593017578125,6.488000392913818,336.2376403808594,0.0011597748380154
tile_r016227_c004195,0,493.1932678222656,77.35030364990234,512.0,163.22962951660156,0.0011476130457594
tile_r016227_c004195,0,492.677734375,111.3437957763672,511.6543884277344,194.0638885498047,0.0011370849097147
tile_r016227_c004195,0,314.28179931640625,109.6919403076172,352.81396484375,148.8336944580078,0.0011227000504732
tile_r016227_c004195,0,466.236083984375,0.0,512.0,7.287501335144043,0.0010991361923515
tile_r016227_c004195,0,379.72174072265625,508.376708984375,426.00885009765625,512.0,0.001096423016861
tile_r016227_c004195,0,56.686065673828125,0.0,108.9271240234375,10.212580680847168,0.0010923460358753
tile_r016227_c004195,0,504.1539916992188,0.0,512.0,53.12226104736328,0.0010849671671167
tile_r016227_c004195,0,505.8734436035156,276.92877197265625,512.0,331.4289245605469,0.0010718257399275
tile_r016227_c004195,0,504.599365234375,481.550048828125,511.804931640625,512.0,0.0010620832908898
tile_r016227_c004195,0,0.0104743959382176,15.546856880187988,6.4756059646606445,58.44337844848633,0.0010574129410088
tile_r016227_c004195,0,0.1498573273420334,235.41403198242188,10.31861686706543,273.78912353515625,0.0010570820886641
tile_r016227_c004195,0,502.6920776367188,295.41717529296875,512.0,358.6328125,0.0010463778162375
tile_r016227_c004195,0,505.8872680664063,44.8081283569336,512.0,111.29695129394533,0.0010433531133458
tile_r016227_c004195,0,320.72857666015625,120.9731216430664,343.55694580078125,143.33389282226562,0.0010401713661849
tile_r016227_c004195,0,0.0,148.39639282226562,5.9716620445251465,205.19113159179688,0.0010330347577109
tile_r016227_c004195,0,480.8622131347656,93.96739959716795,512.0,205.5372009277344,0.0010214954381808
tile_r016739_c004451,0,452.4485473632813,473.47796630859375,510.30804443359375,511.941162109375,0.8124608397483826
tile_r016739_c004451,0,273.3971252441406,136.7238311767578,333.8126525878906,195.8641357421875,0.8058065176010132
tile_r016739_c004451,0,219.8124084472656,282.5293884277344,281.66943359375,342.9360046386719,0.7888832092285156
tile_r016739_c004451,0,44.88858795166016,259.5337829589844,95.21061706542967,309.06182861328125,0.7799838185310364
tile_r016739_c004451,0,348.1127624511719,226.6332092285156,405.71484375,281.6268005371094,0.7137372493743896
tile_r016739_c004451,0,388.1125183105469,342.8173217773437,442.2276916503906,395.9852294921875,0.7078261375427246
tile_r016739_c004451,0,316.32379150390625,356.4457702636719,361.0316467285156,399.9801330566406,0.6325680613517761
tile_r016739_c004451,0,321.3066101074219,435.10845947265625,375.4839782714844,486.6966247558594,0.6174365878105164
tile_r016739_c004451,0,471.7852478027344,381.7301330566406,511.7950134277344,427.8134765625,0.5982261300086975
tile_r016739_c004451,0,0.0,459.2056579589844,35.324485778808594,512.0,0.5888789892196655
tile_r016739_c004451,0,266.500244140625,0.0,329.8730773925781,52.7767448425293,0.5328752398490906
tile_r016739_c004451,0,368.6664733886719,274.68902587890625,427.6917114257813,336.46832275390625,0.5216065049171448
tile_r016739_c004451,0,208.7898406982422,47.19153594970703,277.10809326171875,119.9223175048828,0.4760901629924774
tile_r016739_c004451,0,365.021484375,173.86094665527344,411.8375549316406,218.6572265625,0.3795218169689178
tile_r016739_c004451,0,142.7718048095703,199.05130004882807,199.17242431640625,258.24578857421875,0.3275861144065857
tile_r016739_c004451,0,212.373291015625,52.59172821044922,272.8218688964844,114.8314208984375,0.3188210725784302
tile_r016739_c004451,0,372.0803527832031,278.61090087890625,424.3947143554688,332.1134338378906,0.2684654593467712
tile_r016739_c004451,0,265.3649597167969,0.0,330.9594421386719,53.37810134887695,0.1803224384784698
tile_r016739_c004451,0,317.8644104003906,430.61041259765625,378.24310302734375,491.033935546875,0.1760876476764679
tile_r016739_c004451,0,269.06304931640625,0.0,327.20269775390625,48.76030731201172,0.1626152545213699
tile_r016739_c004451,0,343.4995422363281,221.80075073242188,409.04791259765625,287.7982177734375,0.1429025083780288
tile_r016739_c004451,0,367.9073791503906,177.78807067871094,407.9249572753906,215.64010620117188,0.1138591915369033
tile_r016739_c004451,0,139.92898559570312,195.9185943603516,201.7169952392578,262.06463623046875,0.0867049172520637
tile_r016739_c004451,0,448.1512145996094,468.6422424316406,512.0,511.8245544433594,0.0784749612212181
tile_r016739_c004451,0,138.8074493408203,194.4463653564453,202.8736267089844,265.1484069824219,0.0610694698989391
tile_r016739_c004451,0,278.330078125,141.73281860351562,329.2543640136719,190.33963012695312,0.0400390811264514
tile_r016739_c004451,0,0.2665420472621918,464.0317993164063,30.854442596435547,511.2520446777344,0.0309849772602319
tile_r016739_c004451,0,313.1993408203125,352.42645263671875,364.02239990234375,403.6057739257813,0.0276203248649835
tile_r016739_c004451,0,383.9585571289063,338.5394287109375,446.5457153320313,401.97308349609375,0.0205239821225404
tile_r016739_c004451,0,0.0,464.77447509765625,30.2910270690918,511.0962829589844,0.0193480122834444
tile_r016739_c004451,0,48.599884033203125,264.7892150878906,91.17703247070312,305.6900939941406,0.0191232860088348
tile_r016739_c004451,0,195.125244140625,0.0,250.16714477539065,4.331867694854736,0.0178860742598772
tile_r016739_c004451,0,457.9189453125,478.1682739257813,508.816650390625,511.724365234375,0.0175914224237203
tile_r016739_c004451,0,194.56887817382807,0.0,250.3244171142578,10.381540298461914,0.0173422023653984
tile_r016739_c004451,0,186.56594848632807,0.0,250.7141876220703,12.557438850402832,0.0161574352532625
tile_r016739_c004451,0,468.52294921875,377.37933349609375,512.0,432.3504028320313,0.0142717882990837
tile_r016739_c004451,0,312.5353088378906,500.4319458007813,370.03021240234375,512.0,0.0130744324997067
tile_r016739_c004451,0,191.2503967285156,0.0,244.67459106445312,5.286067008972168,0.0120573174208402
tile_r016739_c004451,0,323.3406066894531,507.9195861816406,371.3928833007813,512.0,0.011674734763801
tile_r016739_c004451,0,319.7164611816406,507.237060546875,366.65130615234375,512.0,0.0111930519342422
tile_r016739_c004451,0,44.72260665893555,171.28701782226562,126.06745910644533,242.2746124267578,0.0095362579450011
tile_r016739_c004451,0,465.9229431152344,375.3663024902344,512.0,436.88970947265625,0.0092152412980794
tile_r016739_c004451,0,0.0,462.4599609375,20.76974105834961,511.7565307617188,0.0089519377797842
tile_r016739_c004451,0,322.4442749023437,503.0465393066406,370.5056457519531,512.0,0.0079621234908699
tile_r016739_c004451,0,226.1591796875,287.346435546875,277.8963317871094,336.4652709960937,0.0070533580146729
tile_r016739_c004451,0,185.40707397460935,0.0,243.140625,5.792035102844238,0.0068358965218067
tile_r016739_c004451,0,200.04466247558597,0.0,258.97052001953125,4.6471333503723145,0.0066840592771768
tile_r016739_c004451,0,178.48374938964844,0.0,248.2921905517578,15.565488815307615,0.0055839009582996
tile_r016739_c004451,0,473.5568237304688,388.5501098632813,510.2220764160156,420.2689514160156,0.0054044183343648
tile_r016739_c004451,0,315.41534423828125,505.3212890625,364.3364562988281,512.0,0.0048029581084847
tile_r016739_c004451,0,182.4019470214844,0.0,237.9707489013672,5.903121471405029,0.0045264116488397
tile_r016739_c004451,0,0.0,466.4930114746094,23.908823013305664,505.29302978515625,0.003585307393223
tile_r016739_c004451,0,0.047583770006895,413.1624145507813,6.961161613464356,460.7535705566406,0.0031405962072312
tile_r016739_c004451,0,146.55850219726562,203.3661346435547,185.7288360595703,241.8767852783203,0.0030072422232478
tile_r016739_c004451,0,314.6932983398437,495.589111328125,386.0697021484375,511.6477661132813,0.0027801434043794
tile_r016739_c004451,0,0.0,150.6865692138672,11.362191200256348,207.2115936279297,0.002758280839771
tile_r016739_c004451,0,204.031005859375,0.0,256.1405334472656,9.117863655090332,0.0026327329687774
tile_r016739_c004451,0,0.0524429306387901,415.3199157714844,5.865683555603027,462.6273498535156,0.0023793966975063
tile_r016739_c004451,0,0.0,406.5176086425781,7.595703125,457.8955078125,0.0023340708576142
tile_r016739_c004451,0,0.0,460.1564331054688,22.969295501708984,502.5241088867188,0.0022813330870121
tile_r016739_c004451,0,0.0,406.34674072265625,14.22100830078125,466.2828674316406,0.0022114496678113
tile_r016739_c004451,0,311.859375,494.017578125,380.3862915039063,512.0,0.0021245828829705
tile_r016739_c004451,0,178.31454467773438,0.0,232.93051147460935,6.881426811218262,0.0021207781974226
tile_r016739_c004451,0,40.2037467956543,254.2818298339844,99.1859893798828,313.6144714355469,0.0021165502257645
tile_r016739_c004451,0,0.0,159.99935913085938,9.12171459197998,206.42822265625,0.0021025855094194
tile_r016739_c004451,0,107.01509857177734,0.0,163.3135528564453,10.072651863098145,0.0020908226724714
tile_r016739_c004451,0,213.7066345214844,57.44742584228516,260.0916442871094,95.03623962402344,0.0020419775974005
tile_r016739_c004451,0,506.3733825683594,408.1760864257813,511.9798278808594,460.4441528320313,0.001999138155952
tile_r016739_c004451,0,224.1118927001953,65.39805603027344,267.79986572265625,112.64808654785156,0.0019897550810128
tile_r016739_c004451,0,0.0,137.84091186523438,15.840657234191896,208.65597534179688,0.0019413734553381
tile_r016739_c004451,0,310.64373779296875,503.1881408691406,362.1072082519531,512.0,0.0019247385207563
tile_r016739_c004451,0,234.8563995361328,84.302978515625,265.8378295898437,110.40129089355467,0.0019102350343018
tile_r016739_c004451,0,328.0764465332031,508.5728149414063,378.5486755371094,512.0,0.0018559820018708
tile_r016739_c004451,0,267.02459716796875,131.49900817871094,339.0205993652344,202.7896423339844,0.0016656423686072
tile_r016739_c004451,0,0.005531501956284,417.9710998535156,5.140950679779053,467.8756713867188,0.0015830970369279
tile_r016739_c004451,0,0.0,391.5977783203125,7.493247032165527,446.3296813964844,0.0015459549613296
tile_r016739_c004451,0,98.9531707763672,0.0,159.5115509033203,11.288704872131348,0.0015250927535817
tile_r016739_c004451,0,208.37857055664065,0.0,266.0694580078125,4.71143913269043,0.0014721860643476
tile_r016739_c004451,0,506.0045776367188,400.6360473632813,511.99407958984375,458.3121032714844,0.0014571353094652
tile_r016739_c004451,0,0.0,417.2994079589844,15.170143127441406,475.7398376464844,0.001430805074051
tile_r016739_c004451,0,312.1483764648437,350.8719482421875,364.53033447265625,405.8170166015625,0.0014239595038816
tile_r016739_c004451,0,369.4856872558594,183.89016723632807,402.6051940917969,213.8118133544922,0.0014080462278798
tile_r016739_c004451,0,0.087758257985115,152.55264282226562,6.567080497741699,197.5409240722656,0.0014035612111911
tile_r016739_c004451,0,304.431640625,499.3863830566406,370.1142883300781,511.9390258789063,0.0013868944952264
tile_r016739_c004451,0,0.0,421.3291015625,5.301304817199707,478.60943603515625,0.001327630947344
tile_r016739_c004451,0,358.87652587890625,167.57156372070312,417.51708984375,223.93618774414065,0.0013268048642203
tile_r016739_c004451,0,0.0,395.7022399902344,7.753879547119141,454.1995239257813,0.0013132046442478
tile_r016739_c004451,0,0.0,462.2747192382813,20.24982452392578,508.7926330566406,0.001197270466946
tile_r016739_c004451,0,0.0776840224862098,148.2938690185547,7.729708194732666,198.2794189453125,0.0011839134385809
tile_r016739_c004451,0,0.0812467560172081,446.716796875,13.485803604125977,489.9777221679688,0.0011769750854
tile_r016739_c004451,0,304.3200988769531,504.4365234375,357.875,511.99420166015625,0.0011637931456789
tile_r016739_c004451,0,116.9837417602539,0.0,166.6769256591797,9.080241203308104,0.0011624454054981
tile_r016739_c004451,0,505.0276489257813,388.3648986816406,511.9325256347656,455.356201171875,0.0011036688229069
tile_r016739_c004451,0,0.0350479111075401,142.4586181640625,8.265115737915039,197.7914123535156,0.0010984259424731
tile_r016739_c004451,0,56.58609771728516,176.53176879882812,123.1076431274414,234.8218994140625,0.0010817719157785
tile_r016739_c004451,0,309.36444091796875,493.53759765625,377.7611083984375,512.0,0.0010461434721946
tile_r016739_c004451,0,17.712636947631836,507.1821899414063,48.32622528076172,511.9625854492188,0.0010181370889768
tile_r016739_c004451,0,493.6576232910156,397.3810119628906,512.0,444.68505859375,0.001011902350001
tile_r016739_c004451,0,298.59625244140625,506.3678588867188,351.4291076660156,511.9637756347656,0.0010034751612693
tile_r016739_c004451,0,0.0313945785164833,155.64500427246094,4.902458190917969,201.5577087402344,0.001000540680252
tile_r017251_c004707,0,195.2535095214844,45.519981384277344,259.7524108886719,108.28858947753906,0.8515756130218506
tile_r017251_c004707,0,114.65592193603516,12.907690048217772,156.1068878173828,53.33281707763672,0.8015015125274658
tile_r017251_c004707,0,259.88916015625,322.755126953125,312.6080627441406,370.4353942871094,0.7948386073112488
tile_r017251_c004707,0,430.52545166015625,332.0263671875,478.1227111816406,376.1124877929688,0.734883189201355
tile_r017251_c004707,0,388.0585021972656,100.83448791503906,439.4646606445313,149.96922302246094,0.687556803226471
tile_r017251_c004707,0,425.03704833984375,228.9303741455078,484.1828002929688,285.8578491210937,0.6383787989616394
tile_r017251_c004707,0,293.1756591796875,255.8267364501953,373.3031005859375,334.6517944335937,0.6370110511779785
tile_r017251_c004707,0,206.97390747070312,230.6154022216797,250.1327667236328,273.45782470703125,0.6193978786468506
tile_r017251_c004707,0,132.05697631835938,294.97540283203125,169.12667846679688,330.40582275390625,0.5866200923919678
tile_r017251_c004707,0,402.05615234375,389.0584716796875,444.00921630859375,427.2589721679688,0.5864741802215576
tile_r017251_c004707,0,275.20526123046875,123.0712661743164,340.3371276855469,188.5952911376953,0.5590140223503113
tile_r017251_c004707,0,320.1969909667969,120.90921783447266,372.02734375,168.0863800048828,0.5548528432846069
tile_r017251_c004707,0,234.5069274902344,421.135986328125,275.3798217773437,462.24798583984375,0.502231240272522
tile_r017251_c004707,0,118.05549621582033,193.0447235107422,162.68911743164062,236.3260040283203,0.5013353824615479
tile_r017251_c004707,0,335.19732666015625,482.4976501464844,370.2325134277344,511.3386840820313,0.4813255965709686
tile_r017251_c004707,0,366.6019287109375,497.8250427246094,412.526123046875,512.0,0.4666173160076141
tile_r017251_c004707,0,168.5578155517578,152.50747680664062,217.80929565429688,198.9003448486328,0.4354948997497558
tile_r017251_c004707,0,279.11944580078125,128.49478149414062,336.8009338378906,182.54360961914065,0.4087640345096588
tile_r017251_c004707,0,334.5220642089844,193.50912475585935,389.6917114257813,239.44027709960935,0.3989041447639465
tile_r017251_c004707,0,200.5216522216797,0.0,254.53955078125,17.76841163635254,0.3664926588535309
tile_r017251_c004707,0,171.74729919433594,156.0948486328125,215.2917938232422,194.9860992431641,0.3446844220161438
tile_r017251_c004707,0,120.8838348388672,195.4739227294922,160.90838623046875,232.61209106445312,0.3099074065685272
tile_r017251_c004707,0,463.01513671875,429.8138122558594,511.9634399414063,484.0199279785156,0.2733227908611297
tile_r017251_c004707,0,460.7860412597656,428.1698303222656,511.6739196777344,485.5533142089844,0.2632032334804535
tile_r017251_c004707,0,466.4104614257813,433.045654296875,511.7432556152344,480.21575927734375,0.2462848573923111
tile_r017251_c004707,0,384.64794921875,96.72943115234376,443.3063049316406,155.1780548095703,0.2169001251459121
tile_r017251_c004707,0,210.7064971923828,233.85208129882807,247.3862762451172,269.5858764648437,0.2093828320503235
tile_r017251_c004707,0,238.49581909179688,424.358154296875,272.4713134765625,458.03363037109375,0.206029012799263
tile_r017251_c004707,0,314.6636047363281,117.6328582763672,374.8784484863281,172.6336669921875,0.1977450102567672
tile_r017251_c004707,0,329.38214111328125,187.38400268554688,392.2057495117188,244.46762084960935,0.1897708624601364
tile_r017251_c004707,0,302.3702392578125,261.31463623046875,368.4929809570313,327.45086669921875,0.1778629571199417
tile_r017251_c004707,0,410.5508728027344,223.1168212890625,488.07373046875,298.5209350585937,0.1716416031122207
tile_r017251_c004707,0,398.7549743652344,385.9535217285156,446.6687622070313,431.05706787109375,0.1602710634469986
tile_r017251_c004707,0,206.6469268798828,0.0,253.5789031982422,13.946185111999512,0.1337856352329254
tile_r017251_c004707,0,139.77879333496094,399.89886474609375,162.2989044189453,422.3208923339844,0.1179147735238075
tile_r017251_c004707,0,372.90570068359375,500.8479614257813,412.9947204589844,512.0,0.0949363410472869
tile_r017251_c004707,0,196.08773803710935,0.0,259.7818298339844,23.299694061279297,0.0682485178112983
tile_r017251_c004707,0,136.10708618164062,297.953125,167.38963317871094,328.0016174316406,0.0597570165991783
tile_r017251_c004707,0,58.17598342895508,0.0,122.14738464355467,18.438411712646484,0.0587557628750801
tile_r017251_c004707,0,209.41879272460935,0.0227270126342773,246.96463012695312,10.43928050994873,0.0556573383510112
tile_r017251_c004707,0,426.4942321777344,327.5518493652344,480.7160034179688,381.06536865234375,0.0513916984200477
tile_r017251_c004707,0,359.380126953125,488.72259521484375,423.5557556152344,512.0,0.0513485856354236
tile_r017251_c004707,0,362.0278625488281,496.7975463867188,416.6929321289063,512.0,0.0403436496853828
tile_r017251_c004707,0,133.6639404296875,300.3568725585937,163.89456176757812,326.1093139648437,0.0387067086994648
tile_r017251_c004707,0,435.8497924804688,233.0254364013672,480.67864990234375,275.4618225097656,0.0357765592634677
tile_r017251_c004707,0,208.6360626220703,0.0449329391121864,243.6179656982422,12.977914810180664,0.0356872975826263
tile_r017251_c004707,0,200.74937438964844,50.90665435791016,255.0186767578125,101.97066497802734,0.0327807366847991
tile_r017251_c004707,0,368.4198913574219,505.513671875,407.8800659179688,511.98779296875,0.0283282548189163
tile_r017251_c004707,0,82.42652893066406,0.0,123.75785064697266,6.729490756988525,0.0269020535051822
tile_r017251_c004707,0,64.74412536621094,0.0,122.569580078125,13.364496231079102,0.0254785940051078
tile_r017251_c004707,0,268.89532470703125,327.18878173828125,308.9486083984375,363.9235229492188,0.0227448102086782
tile_r017251_c004707,0,369.450927734375,502.338134765625,401.5751037597656,512.0,0.0223938412964344
tile_r017251_c004707,0,53.258880615234375,0.0,123.36824035644533,25.0063419342041,0.0213364195078611
tile_r017251_c004707,0,0.1162584275007247,501.80126953125,6.431851387023926,511.9703063964844,0.0181598775088787
tile_r017251_c004707,0,211.6119842529297,0.0347507484257221,251.8105926513672,7.0802903175354,0.0174613241106271
tile_r017251_c004707,0,255.2218780517578,317.5350036621094,315.1195373535156,375.3938293457031,0.0172046888619661
tile_r017251_c004707,0,62.3981819152832,0.0009582519414834,109.0316162109375,9.38847541809082,0.0163573659956455
tile_r017251_c004707,0,367.5936584472656,502.2926330566406,396.2200012207031,512.0,0.0160384010523557
tile_r017251_c004707,0,62.45524978637695,0.0,100.19248962402344,13.075014114379885,0.015451774932444
tile_r017251_c004707,0,136.8258514404297,397.2541198730469,164.98922729492188,426.3103637695313,0.0147636756300926
tile_r017251_c004707,0,338.7391357421875,487.083251953125,367.53167724609375,511.7012634277344,0.0145521108061075
tile_r017251_c004707,0,207.0797119140625,0.0792037993669509,240.58206176757807,13.589353561401367,0.0138937914744019
tile_r017251_c004707,0,87.29188537597656,0.0,128.54898071289062,4.685506343841553,0.0128728812560439
tile_r017251_c004707,0,68.00651550292969,0.018933106213808,124.9116668701172,7.038176536560059,0.0121506033465266
tile_r017251_c004707,0,61.29857635498047,0.0294384006410837,121.3864288330078,6.785104274749756,0.010969360359013
tile_r017251_c004707,0,200.5713806152344,0.1107162460684776,238.5162048339844,13.053651809692385,0.009920529089868
tile_r017251_c004707,0,58.05306243896485,0.0,95.13194274902344,12.595121383666992,0.0096875978633761
tile_r017251_c004707,0,306.3309020996094,299.6410827636719,337.2375793457031,326.4334716796875,0.0096318647265434
tile_r017251_c004707,0,140.88742065429688,400.7415466308594,163.0138702392578,421.90826416015625,0.0092003028839826
tile_r017251_c004707,0,118.9698257446289,16.95479393005371,153.53451538085938,50.0275764465332,0.0091769816353917
tile_r017251_c004707,0,0.0,482.9915161132813,7.3996076583862305,512.0,0.0087657375261187
tile_r017251_c004707,0,0.0,477.5881958007813,12.10101318359375,512.0,0.0086010284721851
tile_r017251_c004707,0,76.03357696533203,0.1436828672885894,128.3397216796875,10.27903938293457,0.0080478759482502
tile_r017251_c004707,0,306.4502258300781,301.8004455566406,332.9926147460937,324.3061218261719,0.0075197536498308
tile_r017251_c004707,0,0.0,449.9964294433594,12.45897102355957,512.0,0.0072160335257649
tile_r017251_c004707,0,138.34085083007812,395.9056091308594,165.53457641601562,424.22662353515625,0.0067038824781775
tile_r017251_c004707,0,192.604736328125,0.0917730331420898,233.7161865234375,10.750483512878418,0.0064372760243713
tile_r017251_c004707,0,0.0,495.5083923339844,13.819287300109863,512.0,0.0062478929758071
tile_r017251_c004707,0,0.0012863159645348,451.331298828125,7.254004001617432,491.3543090820313,0.0061886692419648
tile_r017251_c004707,0,134.95721435546875,394.6567993164063,167.22161865234375,426.8716735839844,0.0058764149434864
tile_r017251_c004707,0,215.5025177001953,0.0068206787109375,259.0727233886719,5.679621696472168,0.0058109140954911
tile_r017251_c004707,0,358.1252746582031,504.7673950195313,394.4165954589844,511.9673767089844,0.0056679514236748
tile_r017251_c004707,0,368.79193115234375,507.1831665039063,414.6082458496094,511.9725036621094,0.0056036980822682
tile_r017251_c004707,0,0.0449048988521099,455.0653381347656,6.298961162567139,496.5240173339844,0.0055418405681848
tile_r017251_c004707,0,0.0,458.97509765625,11.854297637939451,512.0,0.0049311108887195
tile_r017251_c004707,0,90.33317565917967,0.0,135.820556640625,4.217037200927734,0.0048829028382897
tile_r017251_c004707,0,47.64181518554688,0.0,91.81465911865234,9.669157028198242,0.0046158512122929
tile_r017251_c004707,0,216.3718719482422,0.0742813125252723,257.1736755371094,12.0156888961792,0.0044336281716823
tile_r017251_c004707,0,0.0,467.1328125,7.443799018859863,512.0,0.004415042232722
tile_r017251_c004707,0,0.0,446.1735229492188,7.827688694000244,487.98577880859375,0.0042499853298068
tile_r017251_c004707,0,0.0158935543149709,506.7655334472656,19.517927169799805,512.0,0.0040021538734436
tile_r017251_c004707,0,420.326416015625,262.8976135253906,450.48583984375,286.54852294921875,0.0036570690572261
tile_r017251_c004707,0,164.1765594482422,454.5913696289063,209.56076049804688,498.0826110839844,0.0035466027911752
tile_r017251_c004707,0,366.7164001464844,491.1651306152344,420.7864379882813,511.7332153320313,0.0035292946267873
tile_r017251_c004707,0,345.69207763671875,197.96707153320312,386.313232421875,234.4056701660156,0.0030469673220068
tile_r017251_c004707,0,0.0184314735233783,455.7962341308594,6.053916931152344,504.1339416503906,0.0028788733761757
tile_r017251_c004707,0,141.6602325439453,399.3737182617188,164.72763061523438,421.43548583984375,0.0027152823749929
tile_r017251_c004707,0,274.38043212890625,508.39251708984375,315.3283996582031,512.0,0.0024011072237044
tile_r017251_c004707,0,183.79087829589844,0.0,252.817138671875,29.54397964477539,0.0023923953995108
tile_r017251_c004707,0,281.9034423828125,508.52581787109375,319.4974670410156,512.0,0.0022783502936363
tile_r017251_c004707,0,414.6852416992188,239.0521545410156,478.0171813964844,291.9769897460937,0.0022754028905183
tile_r017251_c004707,0,306.2469787597656,298.9215393066406,341.7261657714844,322.97283935546875,0.0021269924473017
tile_r017251_c004707,0,111.1207046508789,7.994218349456787,159.60159301757812,58.1428108215332,0.0020706090144813
tile_r017251_c004707,0,0.0,437.60595703125,14.559732437133787,501.0247192382813,0.002048356924206
tile_r017251_c004707,0,1.170355200767517,500.9938354492188,29.29450035095215,512.0,0.0020438656210899
tile_r017251_c004707,0,0.0,459.1268615722656,6.531993865966797,511.1356506347656,0.0018918440910056
tile_r017251_c004707,0,183.791748046875,0.0,225.5861053466797,7.452035427093506,0.0018725377740338
tile_r017251_c004707,0,0.0,439.4590759277344,7.870347499847412,481.79974365234375,0.0018455382669344
tile_r017251_c004707,0,140.32061767578125,400.21142578125,164.75363159179688,424.3992309570313,0.0017537210369482
tile_r017251_c004707,0,86.66314697265625,0.735491931438446,139.66641235351562,15.91003704071045,0.0016620631795376
tile_r017251_c004707,0,343.6033020019531,492.83349609375,385.7576599121094,512.0,0.0015559345483779
tile_r017251_c004707,0,273.1340637207031,503.94775390625,321.0643615722656,511.9413146972656,0.0014232748653739
tile_r017251_c004707,0,129.75137329101562,0.0,167.4276885986328,3.6919105052948,0.0014068592572584
tile_r017251_c004707,0,261.6317443847656,502.8539123535156,317.0604553222656,511.97314453125,0.0013615204952657
tile_r017251_c004707,0,190.64601135253903,39.41378402709961,264.6380920410156,115.9197998046875,0.0013486010720953
tile_r017251_c004707,0,62.03252029418945,1.008795142173767,129.83596801757812,23.586156845092773,0.001341336290352
tile_r017251_c004707,0,419.7264709472656,264.53131103515625,447.6015625,285.62701416015625,0.0012809711042791
tile_r017251_c004707,0,170.1331329345703,458.6126403808594,206.55929565429688,492.7296447753906,0.0012634817976504
tile_r017251_c004707,0,380.15533447265625,502.28314208984375,428.87506103515625,512.0,0.0012362159322947
tile_r017251_c004707,0,488.7401428222656,450.5914001464844,512.0,493.8411254882813,0.0012348567834123
tile_r017251_c004707,0,96.99495697021484,0.0,143.32260131835938,4.8302106857299805,0.0012193112634122
tile_r017251_c004707,0,4.825640678405762,507.7463989257813,26.0100212097168,511.928466796875,0.0011508271563798
tile_r017251_c004707,0,375.025146484375,508.33489990234375,421.5237426757813,512.0,0.0011452607577666
tile_r017251_c004707,0,268.2682189941406,508.2969665527344,312.4652099609375,512.0,0.0011408802820369
tile_r017251_c004707,0,128.7670135498047,0.0350387580692768,181.75363159179688,13.085293769836426,0.0011033177142962
tile_r017251_c004707,0,329.1746520996094,475.1304321289063,375.0312194824219,512.0,0.0010511366417631
tile_r017251_c004707,0,148.6255645751953,0.0,190.11593627929688,4.97553014755249,0.0010416940785944
tile_r018019_c005219,0,370.5224304199219,26.37784194946289,439.0833129882813,90.7823715209961,0.8261688351631165
tile_r018019_c005219,0,421.8265075683594,400.41790771484375,484.0096740722656,456.7420043945313,0.7811267375946045
tile_r018019_c005219,0,62.03337860107422,333.82586669921875,110.1807632446289,381.5975036621094,0.7479885816574097
tile_r018019_c005219,0,166.23135375976562,131.37481689453125,221.6922912597656,181.180908203125,0.7313730716705322
tile_r018019_c005219,0,42.004676818847656,85.29193115234375,109.29573822021484,150.66494750976562,0.6535106897354126
tile_r018019_c005219,0,411.29296875,283.4551696777344,453.5572814941406,323.37127685546875,0.6447504162788391
tile_r018019_c005219,0,390.70159912109375,361.5557861328125,433.304443359375,401.9364929199219,0.6241421699523926
tile_r018019_c005219,0,12.042141914367676,323.5273132324219,52.3323860168457,365.69427490234375,0.6181774735450745
tile_r018019_c005219,0,356.40679931640625,129.09274291992188,406.6680908203125,177.97366333007812,0.6085391640663147
tile_r018019_c005219,0,119.92970275878906,224.1702423095703,177.77798461914062,278.8437194824219,0.6006852388381958
tile_r018019_c005219,0,130.20266723632812,0.0,181.7359771728516,33.2161865234375,0.58363938331604
tile_r018019_c005219,0,0.0130279539152979,227.59445190429688,38.4672737121582,281.6242980957031,0.5578708648681641
tile_r018019_c005219,0,223.3320770263672,147.9665985107422,268.46551513671875,191.83688354492188,0.5522923469543457
tile_r018019_c005219,0,430.4422912597656,308.1939392089844,487.08782958984375,363.6016845703125,0.5065609812736511
tile_r018019_c005219,0,478.2401428222656,491.4530334472656,511.9920043945313,512.0,0.4766364991664886
tile_r018019_c005219,0,477.5294799804688,199.67892456054688,511.9632873535156,250.75216674804688,0.4630042016506195
tile_r018019_c005219,0,433.8561401367188,311.41143798828125,483.3386840820313,358.49786376953125,0.460679143667221
tile_r018019_c005219,0,320.4674377441406,285.5840759277344,361.2169494628906,325.1968688964844,0.43881955742836
tile_r018019_c005219,0,425.0890197753906,74.4866943359375,464.84423828125,113.2895965576172,0.4327405989170074
tile_r018019_c005219,0,0.0,0.0,54.2773323059082,73.33807373046875,0.4143501818180084
tile_r018019_c005219,0,310.0101928710937,51.79481887817383,366.9480590820313,104.5157241821289,0.3841217458248138
tile_r018019_c005219,0,297.74932861328125,418.7000122070313,347.1151428222656,467.1287536621094,0.2754132747650146
tile_r018019_c005219,0,46.44683456420898,89.843505859375,104.77323150634766,145.68460083007812,0.2677578628063202
tile_r018019_c005219,0,124.51063537597656,0.0,185.79806518554688,38.74030685424805,0.2599338591098785
tile_r018019_c005219,0,360.58599853515625,132.90806579589844,403.65240478515625,173.17295837402344,0.2580234408378601
tile_r018019_c005219,0,300.7557678222656,422.2918090820313,343.4725036621094,462.8447265625,0.2522274255752563
tile_r018019_c005219,0,0.0,232.7193298339844,33.86730194091797,277.0453186035156,0.1991874724626541
tile_r018019_c005219,0,116.96443939208984,220.4803771972656,181.85678100585935,283.1190795898437,0.1789699047803878
tile_r018019_c005219,0,472.8490295410156,487.41448974609375,512.0,511.608642578125,0.1605803221464157
tile_r018019_c005219,0,274.3974304199219,326.25616455078125,314.0593566894531,366.4364318847656,0.1402282118797302
tile_r018019_c005219,0,481.9734802246094,495.2157287597656,511.63623046875,511.74560546875,0.1254657655954361
tile_r018019_c005219,0,0.0,0.0,50.321250915527344,66.98381042480469,0.1246965155005455
tile_r018019_c005219,0,275.93609619140625,329.3950500488281,305.75653076171875,356.6400756835937,0.1227621659636497
tile_r018019_c005219,0,387.8564147949219,357.9562072753906,435.5584411621094,405.9435424804688,0.1184660866856575
tile_r018019_c005219,0,65.94023132324219,337.9848022460937,106.8617706298828,377.0072326660156,0.1158167347311973
tile_r018019_c005219,0,162.9326171875,126.61595153808594,224.51577758789065,185.4727325439453,0.1106364652514457
tile_r018019_c005219,0,422.3164978027344,71.40086364746094,467.6016540527344,116.6871109008789,0.1059500277042388
tile_r018019_c005219,0,415.085205078125,287.1242370605469,451.19873046875,318.8761901855469,0.0985768511891365
tile_r018019_c005219,0,251.4677734375,180.03041076660156,296.882080078125,225.4312286376953,0.0951835885643959
tile_r018019_c005219,0,0.0,421.3168029785156,14.065150260925291,480.425537109375,0.0882630944252014
tile_r018019_c005219,0,324.6268920898437,289.0650329589844,358.14703369140625,321.4789428710937,0.0878985747694969
tile_r018019_c005219,0,473.8377380371094,194.62203979492188,511.73443603515625,255.029296875,0.0876552537083625
tile_r018019_c005219,0,270.83917236328125,323.3772888183594,315.14166259765625,370.4239196777344,0.0747058615088462
tile_r018019_c005219,0,426.320068359375,74.21846008300781,465.31634521484375,111.83267974853516,0.063679002225399
tile_r018019_c005219,0,478.4699096679688,200.11373901367188,511.93988037109375,249.59378051757807,0.0499264746904373
tile_r018019_c005219,0,323.9584350585937,293.2438659667969,355.8385314941406,319.9696044921875,0.0480646975338459
tile_r018019_c005219,0,0.0,429.8055725097656,9.329672813415527,475.0149536132813,0.0455580502748489
tile_r018019_c005219,0,0.0134933469817042,0.0,49.80413055419922,67.82804870605469,0.0422425344586372
tile_r018019_c005219,0,243.3472442626953,171.80215454101562,300.75689697265625,231.95358276367188,0.0397000461816787
tile_r018019_c005219,0,0.0743442550301551,428.6841735839844,8.432985305786133,469.7496643066406,0.0374792292714118
tile_r018019_c005219,0,0.0,410.2228088378906,19.748571395874023,488.3421020507813,0.035146914422512
tile_r018019_c005219,0,17.217670440673828,327.1253356933594,49.540130615234375,361.5952758789063,0.0329929590225219
tile_r018019_c005219,0,0.005023384001106,420.932373046875,9.205303192138672,471.7898559570313,0.0312978774309158
tile_r018019_c005219,0,426.4567260742188,77.57786560058594,461.2765502929688,107.99421691894533,0.0305788479745388
tile_r018019_c005219,0,0.0423425659537315,431.2150268554688,6.593187808990479,470.620849609375,0.0244055651128292
tile_r018019_c005219,0,319.7839660644531,56.7180290222168,364.5171508789063,98.42352294921876,0.0234037432819604
tile_r018019_c005219,0,322.790283203125,502.5894165039063,375.3344421386719,512.0,0.0231290496885776
tile_r018019_c005219,0,481.947265625,204.5647735595703,511.7731018066406,246.260498046875,0.0223041214048862
tile_r018019_c005219,0,0.0,411.9219665527344,8.93941879272461,470.6157836914063,0.0187576729804277
tile_r018019_c005219,0,278.5897827148437,330.0733642578125,307.2160949707031,357.7682800292969,0.0187550596892833
tile_r018019_c005219,0,0.5785003900527954,3.657748460769653,47.2005500793457,62.84537506103516,0.01703492552042
tile_r018019_c005219,0,320.52752685546875,507.47113037109375,368.0505981445313,511.981201171875,0.0145681900903582
tile_r018019_c005219,0,313.5882568359375,500.4676208496094,374.3133850097656,512.0,0.0136642688885331
tile_r018019_c005219,0,326.06573486328125,507.70709228515625,372.8114929199219,512.0,0.0119147757068276
tile_r018019_c005219,0,315.66949462890625,507.2477416992188,364.11138916015625,511.95904541015625,0.0118727004155516
tile_r018019_c005219,0,301.0594787597656,44.38446044921875,372.4583129882813,111.33892822265624,0.0113124148920178
tile_r018019_c005219,0,0.0510305389761924,431.23046875,5.38427734375,476.7555236816406,0.0102377589792013
tile_r018019_c005219,0,479.6852416992188,489.250244140625,511.7355041503906,511.44635009765625,0.009322652593255
tile_r018019_c005219,0,346.46392822265625,34.46134567260742,369.5528259277344,57.491966247558594,0.0091962181031703
tile_r018019_c005219,0,487.26165771484375,80.5026626586914,507.1165466308594,100.72004699707033,0.0088199004530906
tile_r018019_c005219,0,219.2763671875,142.5750274658203,273.69049072265625,196.8912811279297,0.008754801005125
tile_r018019_c005219,0,348.98492431640625,0.0,392.6257019042969,5.6939215660095215,0.0076770656742155
tile_r018019_c005219,0,0.0,436.26025390625,8.307278633117676,480.475341796875,0.0075933076441287
tile_r018019_c005219,0,489.1380920410156,77.6083755493164,509.2820739746094,100.7785415649414,0.0075048855505883
tile_r018019_c005219,0,37.04118347167969,471.4640197753906,68.90237426757812,490.4012145996094,0.006798536516726
tile_r018019_c005219,0,424.7848205566406,404.79833984375,480.14300537109375,452.9234008789063,0.0067359036765992
tile_r018019_c005219,0,345.57989501953125,32.28826904296875,371.77545166015625,58.45682907104492,0.0067109442315995
tile_r018019_c005219,0,0.0,407.0635986328125,8.234556198120117,462.091796875,0.0063832500018179
tile_r018019_c005219,0,491.7320861816406,74.8527603149414,511.80865478515625,102.3603973388672,0.0063335872255265
tile_r018019_c005219,0,311.81072998046875,506.6823120117188,359.7113342285156,511.9898986816406,0.0056080496869981
tile_r018019_c005219,0,226.15902709960935,151.88864135742188,264.9864807128906,188.4613037109375,0.0056022158823907
tile_r018019_c005219,0,65.86092376708984,0.0,112.91764068603516,7.123589992523193,0.0055283862166106
tile_r018019_c005219,0,331.98077392578125,503.3327026367188,383.1444396972656,512.0,0.0048653990961611
tile_r018019_c005219,0,342.6422119140625,33.243675231933594,369.0867004394531,57.6917610168457,0.0048514008522033
tile_r018019_c005219,0,468.9282836914063,489.6321411132813,512.0,512.0,0.0046851057559251
tile_r018019_c005219,0,47.31143569946289,0.0,105.2259750366211,5.26951265335083,0.0046185203827917
tile_r018019_c005219,0,39.43149566650391,0.0,101.09455871582033,11.037073135375977,0.0046112574636936
tile_r018019_c005219,0,22.066219329833984,0.0,74.6330337524414,5.715464115142822,0.0045750173740088
tile_r018019_c005219,0,354.8831787109375,0.0,398.520263671875,4.04213809967041,0.0045105763711035
tile_r018019_c005219,0,56.53303146362305,0.0,110.46730041503906,5.484430313110352,0.004346034489572
tile_r018019_c005219,0,114.9783172607422,217.7234344482422,182.6237945556641,284.9541320800781,0.0041712308302521
tile_r018019_c005219,0,331.103271484375,508.2696228027344,378.7510070800781,512.0,0.0040774252265691
tile_r018019_c005219,0,0.0,187.4384002685547,7.5066118240356445,239.49166870117188,0.0040711467154324
tile_r018019_c005219,0,28.8636531829834,0.0,97.17093658447266,11.997980117797852,0.0040246644057333
tile_r018019_c005219,0,275.3052978515625,330.95916748046875,302.43231201171875,360.07061767578125,0.0037609981372952
tile_r018019_c005219,0,0.0,431.1041870117188,14.130533218383787,473.7176208496094,0.0036964444443583
tile_r018019_c005219,0,0.0,192.9422149658203,7.583045959472656,242.50711059570312,0.0036183453630656
tile_r018019_c005219,0,28.19506454467773,0.0,79.21302795410156,5.934460163116455,0.0035185881424695
tile_r018019_c005219,0,378.4005432128906,31.694339752197266,434.4244079589844,83.0719223022461,0.0034819017164409
tile_r018019_c005219,0,393.3853759765625,0.0,440.9408264160156,4.4603471755981445,0.0034597751218825
tile_r018019_c005219,0,497.2838439941406,0.0,511.8971557617188,16.662639617919922,0.0034283688291907
tile_r018019_c005219,0,0.0,410.86956787109375,31.61820602416992,501.3650817871094,0.0033904919400811
tile_r018019_c005219,0,339.94000244140625,0.0,390.2218322753906,6.119728088378906,0.0033823426347225
tile_r018019_c005219,0,39.71405792236328,0.0,100.9885025024414,5.730323791503906,0.0033090270590037
tile_r018019_c005219,0,17.15960121154785,0.0,70.19892883300781,5.337071895599365,0.0032549411989748
tile_r018019_c005219,0,487.3296813964844,0.0,512.0,12.25916862487793,0.0032422877848148
tile_r018019_c005219,0,16.324573516845703,0.0,86.29270935058594,15.104418754577637,0.0032258003484457
tile_r018019_c005219,0,297.7779541015625,418.2940979003906,347.7216186523437,466.21478271484375,0.0031869763042777
tile_r018019_c005219,0,0.0,503.9519653320313,12.68175983428955,511.932373046875,0.0028867372311651
tile_r018019_c005219,0,76.93403625488281,0.0,112.8293228149414,6.578091621398926,0.0028795404359698
tile_r018019_c005219,0,25.5523624420166,501.5535583496094,87.85789489746094,512.0,0.0028457741718739
tile_r018019_c005219,0,502.574951171875,285.86968994140625,511.97705078125,348.86749267578125,0.0028248711023479
tile_r018019_c005219,0,0.0123950960114598,432.8419494628906,5.104879856109619,490.07855224609375,0.0027586675714701
tile_r018019_c005219,0,0.0,0.0,21.967723846435547,25.937816619873047,0.002735331421718
tile_r018019_c005219,0,0.0,399.9226684570313,8.06081485748291,454.2975463867188,0.0027225189842283
tile_r018019_c005219,0,12.794903755187988,507.4322814941406,65.36244201660156,511.9859924316406,0.002715726615861
tile_r018019_c005219,0,4.474603176116943,502.11663818359375,68.75077819824219,512.0,0.0026873527094721
tile_r018019_c005219,0,50.47863006591797,0.0,106.0371551513672,9.952996253967283,0.0025900427717715
tile_r018019_c005219,0,10.020780563354492,507.5994567871094,54.35572052001953,511.94439697265625,0.0025840608868747
tile_r018019_c005219,0,0.0,199.65576171875,6.718153953552246,245.65347290039065,0.0025659219827502
tile_r018019_c005219,0,489.5874938964844,80.63813018798828,507.3624877929688,100.10865783691406,0.0025513831060379
tile_r018019_c005219,0,0.0048694610595703,204.47573852539065,8.512832641601562,257.729248046875,0.0025419825688004
tile_r018019_c005219,0,485.29107666015625,72.77494049072266,510.82623291015625,104.4540557861328,0.0024134400300681
tile_r018019_c005219,0,14.968164443969728,501.32373046875,78.62165832519531,512.0,0.0024009998887777
tile_r018019_c005219,0,0.0,1.3965485095977783,24.902637481689453,40.66730880737305,0.0023423177190124
tile_r018019_c005219,0,0.0,481.2203063964844,13.02110481262207,512.0,0.0023061607498675
tile_r018019_c005219,0,25.94160461425781,507.51458740234375,77.70957946777344,511.88720703125,0.0022792958188802
tile_r018019_c005219,0,0.0,392.3410034179688,22.37758445739746,480.91314697265625,0.0022622805554419
tile_r018019_c005219,0,37.23448944091797,502.4237365722656,94.44474029541016,511.9901428222656,0.0022569568827748
tile_r018019_c005219,0,31.520824432373047,0.0,87.7656478881836,5.227173805236816,0.0022330414503812
tile_r018019_c005219,0,0.0,0.1040607467293739,27.263919830322266,23.2050838470459,0.0022303943987935
tile_r018019_c005219,0,461.835693359375,478.0523986816406,512.0,511.89837646484375,0.0022215512581169
tile_r018019_c005219,0,500.6832580566406,262.96893310546875,511.99798583984375,326.4174194335937,0.0022191372700035
tile_r018019_c005219,0,387.22955322265625,0.0,438.329833984375,5.62926197052002,0.0021748843137174
tile_r018019_c005219,0,0.0,501.1424865722656,56.89119338989258,511.9094848632813,0.0021479013375937
tile_r018019_c005219,0,0.0526077263057231,305.072265625,6.077791213989258,365.1047668457031,0.0021399976685643
tile_r018019_c005219,0,0.0293186195194721,180.72097778320312,7.286729335784912,234.809814453125,0.0021174508146941
tile_r018019_c005219,0,382.3160095214844,0.0,443.0007934570313,9.636977195739746,0.0019951548893004
tile_r018019_c005219,0,33.82633209228516,0.0,95.66438293457033,5.578838348388672,0.0019885813817381
tile_r018019_c005219,0,311.3845520019531,491.05670166015625,385.2322387695313,512.0,0.0019751254003494
tile_r018019_c005219,0,321.81524658203125,495.6202087402344,394.3251037597656,512.0,0.0019740897696465
tile_r018019_c005219,0,502.10595703125,273.95343017578125,512.0,339.51043701171875,0.0019740457646548
tile_r018019_c005219,0,253.36380004882807,192.8985137939453,288.17779541015625,221.1735382080078,0.0019722681026905
tile_r018019_c005219,0,483.6969299316406,494.74560546875,512.0,512.0,0.0019127295818179
tile_r018019_c005219,0,374.2490234375,30.849437713623047,434.8034057617188,86.3373031616211,0.0019010612741112
tile_r018019_c005219,0,0.0594013221561908,311.43341064453125,6.28961181640625,369.6257934570313,0.001880626194179
tile_r018019_c005219,0,506.1145935058594,374.24127197265625,511.9951171875,426.4053649902344,0.0018666923278942
tile_r018019_c005219,0,37.0496711730957,469.2810974121094,71.72981262207031,490.7203674316406,0.0018474716925993
tile_r018019_c005219,0,0.0952014923095703,299.3616943359375,6.425473213195801,359.46295166015625,0.0018444238230586
tile_r018019_c005219,0,496.1334838867188,79.76870727539062,511.8395080566406,103.90962982177734,0.0017966220621019
tile_r018019_c005219,0,0.0,214.9140167236328,45.77942657470703,293.3297424316406,0.0017667219508439
tile_r018019_c005219,0,40.92706680297852,507.567138671875,90.70520782470705,512.0,0.0017267285147681
tile_r018019_c005219,0,36.15010833740234,507.5237731933594,83.17747497558594,511.90960693359375,0.0016780394362285
tile_r018019_c005219,0,502.7288513183594,391.8058166503906,511.9930725097656,450.213623046875,0.0016761481529101
tile_r018019_c005219,0,392.2978515625,0.0,453.89398193359375,9.587701797485352,0.0016696617240086
tile_r018019_c005219,0,0.0489467605948448,438.61566162109375,6.04378080368042,498.25872802734375,0.0016617561923339
tile_r018019_c005219,0,0.0872171372175216,295.4110107421875,6.699520111083984,354.5229797363281,0.0016494021983817
tile_r018019_c005219,0,316.56158447265625,495.0956115722656,386.6119689941406,511.8442993164063,0.0016480773920193
tile_r018019_c005219,0,140.21560668945312,0.1416854858398437,179.82012939453125,27.748971939086918,0.0015940017765387
tile_r018019_c005219,0,338.02130126953125,0.0,389.9862060546875,11.500535011291504,0.0015924590406939
tile_r018019_c005219,0,396.43505859375,0.0,449.0125427246094,3.949229001998901,0.0015524700284004
tile_r018019_c005219,0,5.431395053863525,507.7507934570313,49.20973587036133,512.0,0.0015335850184783
tile_r018019_c005219,0,63.0847282409668,0.0,112.2637939453125,9.221718788146973,0.0015127704245969
tile_r018019_c005219,0,506.7078247070313,287.1044311523437,512.0,340.5699462890625,0.0015100503806024
tile_r018019_c005219,0,502.640869140625,298.1969299316406,511.9663696289063,357.9762268066406,0.0015048368368297
tile_r018019_c005219,0,113.5893783569336,0.0,191.30026245117188,48.69988632202149,0.0015005234163254
tile_r018019_c005219,0,0.0653848648071289,291.72137451171875,7.106016635894775,349.1303100585937,0.0014490016037598
tile_r018019_c005219,0,0.0,435.6014709472656,12.286778450012209,473.9375,0.0014357775216922
tile_r018019_c005219,0,506.1735229492188,266.2621154785156,511.9948120117188,333.86187744140625,0.0014285014476627
tile_r018019_c005219,0,83.17544555664062,0.0,119.41770935058594,4.608522415161133,0.0014202860184013
tile_r018019_c005219,0,17.495067596435547,507.185302734375,73.81949615478516,511.9964904785156,0.0013820338062942
tile_r018019_c005219,0,0.0947189331054687,436.8809509277344,13.624444961547852,499.1638793945313,0.0013697409303858
tile_r018019_c005219,0,487.624267578125,76.17974853515625,510.397216796875,104.87345123291016,0.0013543777167797
tile_r018019_c005219,0,506.2628784179688,380.5221557617188,511.9895935058594,431.3917541503906,0.0013498031767085
tile_r018019_c005219,0,306.29400634765625,506.54638671875,355.9510498046875,512.0,0.0013089952990412
tile_r018019_c005219,0,0.0,0.0,58.15784454345703,86.72953796386719,0.001262005418539
tile_r018019_c005219,0,503.75299072265625,0.0,511.9979553222656,13.57423210144043,0.0012534615816548
tile_r018019_c005219,0,0.0,223.433837890625,23.44293975830078,272.32061767578125,0.0012524757767096
tile_r018019_c005219,0,301.6788635253906,487.226806640625,385.14593505859375,512.0,0.0012506369967013
tile_r018019_c005219,0,506.3313598632813,277.9234313964844,512.0,337.1435241699219,0.0012446637265384
tile_r018019_c005219,0,349.88690185546875,0.0,396.8365173339844,10.102787017822266,0.001211792230606
tile_r018019_c005219,0,0.0,0.0,24.79617691040039,40.94905853271485,0.0011932242196053
tile_r018019_c005219,0,0.0,457.8789978027344,5.165765285491943,507.1798706054688,0.0011898969532921
tile_r018019_c005219,0,10.279461860656738,0.0,64.40785217285156,5.239508628845215,0.0011822860687971
tile_r018019_c005219,0,0.0,387.7392578125,7.62528133392334,448.0806274414063,0.001181244268082
tile_r018019_c005219,0,42.30962753295898,472.1736450195313,68.0348129272461,488.70025634765625,0.0011760746128857
tile_r018019_c005219,0,506.5540466308594,262.6531677246094,512.0,326.67559814453125,0.0011744720395654
tile_r018019_c005219,0,323.90411376953125,0.0,389.9251098632813,13.040811538696287,0.0011710709659382
tile_r018019_c005219,0,0.0,40.63524627685547,6.6384687423706055,86.73225402832031,0.0011642561294138
tile_r018019_c005219,0,0.0,416.77099609375,37.65956497192383,510.8670959472656,0.0011618990683928
tile_r018019_c005219,0,47.77719879150391,507.7561950683594,93.4743881225586,512.0,0.0011458456283435
tile_r018019_c005219,0,305.1695251464844,499.2386169433594,374.0433654785156,511.9481506347656,0.0011457970831543
tile_r018019_c005219,0,506.4895935058594,263.0663452148437,512.0,317.0494689941406,0.0011440340895205
tile_r018019_c005219,0,506.8653869628906,288.7857971191406,512.0,346.6069641113281,0.0011390163563191
tile_r018019_c005219,0,0.0834959000349044,463.85986328125,6.978419303894043,511.3150024414063,0.0011366870021447
tile_r018019_c005219,0,310.499755859375,494.5326232910156,383.7925109863281,511.86077880859375,0.0011304240906611
tile_r018019_c005219,0,438.5597534179688,0.0,489.4954223632813,5.838911533355713,0.0010867479722946
tile_r018019_c005219,0,0.137246698141098,285.90093994140625,22.195526123046875,363.8641662597656,0.0010789128718897
tile_r018019_c005219,0,0.0,105.82987213134766,10.093833923339844,169.530517578125,0.0010756810661405
tile_r018019_c005219,0,333.6510925292969,27.83118057250977,374.3887023925781,70.168701171875,0.001071184175089
tile_r018019_c005219,0,482.57073974609375,467.9273376464844,512.0,508.8042602539063,0.0010321759618818
tile_r018019_c005219,0,421.075439453125,399.5986328125,483.2244567871094,457.7411193847656,0.001031783176586
tile_r018019_c005219,0,0.0,506.8086853027344,30.193958282470703,512.0,0.0010243796277791
tile_r018019_c005219,0,341.81915283203125,27.47977066040039,375.6642456054688,60.3883171081543,0.0010224397992715
tile_r018019_c005219,0,0.0,107.3130874633789,6.777583122253418,160.62722778320312,0.0010147101711481
