image_id,file_name,tile_row,tile_col,fold,x_origin,y_origin,n_flowers,field_frac
1,tile_r016227_c004195.png,16227,4195,0,480927.6400,4044492.6931,11,0.9595
2,tile_r016739_c004451.png,16739,4451,0,480928.1520,4044491.6691,12,0.9518
3,tile_r016739_c012387.png,16739,12387,4,480944.0237,4044491.6691,12,0.9298
4,tile_r016739_c012643.png,16739,12643,4,480944.5356,4044491.6691,10,0.9202
5,tile_r016995_c012387.png,16995,12387,4,480944.0237,4044491.1571,12,1.0
6,tile_r016995_c012643.png,16995,12643,4,480944.5356,4044491.1571,11,0.9942
7,tile_r017251_c004707.png,17251,4707,0,480928.6640,4044490.6451,17,0.9059
8,tile_r017251_c011107.png,17251,11107,3,480941.4637,4044490.6451,16,0.9978
9,tile_r017251_c011363.png,17251,11363,3,480941.9757,4044490.6451,13,0.9979
10,tile_r017251_c011619.png,17251,11619,3,480942.4877,4044490.6451,12,1.0
11,tile_r017251_c012387.png,17251,12387,4,480944.0237,4044490.6451,8,1.0
12,tile_r017251_c012643.png,17251,12643,4,480944.5356,4044490.6451,10,1.0
13,tile_r017507_c011107.png,17507,11107,3,480941.4637,4044490.1331,17,1.0
14,tile_r017507_c011363.png,17507,11363,3,480941.9757,4044490.1331,15,1.0
15,tile_r017507_c011619.png,17507,11619,3,480942.4877,4044490.1331,15,1.0
16,tile_r017507_c012387.png,17507,12387,4,480944.0237,4044490.1331,9,1.0
17,tile_r017507_c012643.png,17507,12643,4,480944.5356,4044490.1331,13,1.0
18,tile_r017507_c012899.png,17507,12899,4,480945.0476,4044490.1331,16,0.9515
19,tile_r017763_c010083.png,17763,10083,3,480939.4158,4044489.6211,15,0.9876
20,tile_r017763_c010851.png,17763,10851,3,480940.9517,4044489.6211,15,0.9122
21,tile_r017763_c011107.png,17763,11107,3,480941.4637,4044489.6211,17,1.0
22,tile_r017763_c011363.png,17763,11363,3,480941.9757,4044489.6211,15,1.0
23,tile_r017763_c011619.png,17763,11619,3,480942.4877,4044489.6211,13,1.0
24,tile_r017763_c012387.png,17763,12387,4,480944.0237,4044489.6211,11,1.0
25,tile_r017763_c012643.png,17763,12643,4,480944.5356,4044489.6211,14,1.0
26,tile_r017763_c012899.png,17763,12899,4,480945.0476,4044489.6211,16,1.0
27,tile_r018019_c005219.png,18019,5219,0,480929.6880,4044489.1092,19,0.9046
28,tile_r018019_c008291.png,18019,8291,2,480935.8318,4044489.1092,14,0.9752
29,tile_r018019_c008547.png,18019,8547,2,480936.3438,4044489.1092,12,0.976
30,tile_r018019_c008803.png,18019,8803,2,480936.8558,4044489.1092,9,1.0
31,tile_r018019_c009059.png,18019,9059,2,480937.3678,4044489.1092,8,1.0
32,tile_r018019_c009315.png,18019,9315,2,480937.8798,4044489.1092,8,1.0
33,tile_r018019_c010083.png,18019,10083,3,480939.4158,4044489.1092,17,1.0
34,tile_r018019_c010339.png,18019,10339,3,480939.9277,4044489.1092,15,0.9918
35,tile_r018019_c010595.png,18019,10595,3,480940.4397,4044489.1092,7,0.9918
36,tile_r018019_c010851.png,18019,10851,3,480940.9517,4044489.1092,11,1.0
37,tile_r018019_c011107.png,18019,11107,3,480941.4637,4044489.1092,13,1.0
38,tile_r018019_c011363.png,18019,11363,3,480941.9757,4044489.1092,13,1.0
39,tile_r018019_c011619.png,18019,11619,3,480942.4877,4044489.1092,13,1.0
40,tile_r018019_c012387.png,18019,12387,4,480944.0237,4044489.1092,12,1.0
41,tile_r018019_c012643.png,18019,12643,4,480944.5356,4044489.1092,12,1.0
42,tile_r018019_c012899.png,18019,12899,4,480945.0476,4044489.1092,14,1.0
43,tile_r018275_c005987.png,18275,5987,1,480931.2239,4044488.5972,17,1.0
44,tile_r018275_c006243.png,18275,6243,1,480931.7359,4044488.5972,14,0.9918
45,tile_r018275_c006499.png,18275,6499,1,480932.2479,4044488.5972,8,0.9918
46,tile_r018275_c006755.png,18275,6755,1,480932.7599,4044488.5972,9,1.0
47,tile_r018275_c007011.png,18275,7011,1,480933.2719,4044488.5972,9,1.0
48,tile_r018275_c007267.png,18275,7267,1,480933.7839,4044488.5972,13,1.0
49,tile_r018275_c008035.png,18275,8035,2,480935.3198,4044488.5972,10,0.9798
50,tile_r018275_c008291.png,18275,8291,2,480935.8318,4044488.5972,15,1.0
51,tile_r018275_c008547.png,18275,8547,2,480936.3438,4044488.5972,13,1.0
52,tile_r018275_c008803.png,18275,8803,2,480936.8558,4044488.5972,10,1.0
53,tile_r018275_c009059.png,18275,9059,2,480937.3678,4044488.5972,11,1.0
54,tile_r018275_c009315.png,18275,9315,2,480937.8798,4044488.5972,5,1.0
55,tile_r018275_c010083.png,18275,10083,3,480939.4158,4044488.5972,15,1.0
56,tile_r018275_c010339.png,18275,10339,3,480939.9277,4044488.5972,16,1.0
57,tile_r018275_c010595.png,18275,10595,3,480940.4397,4044488.5972,11,1.0
58,tile_r018275_c010851.png,18275,10851,3,480940.9517,4044488.5972,5,1.0
59,tile_r018275_c011107.png,18275,11107,3,480941.4637,4044488.5972,7,1.0
60,tile_r018275_c011363.png,18275,11363,3,480941.9757,4044488.5972,8,1.0
61,tile_r018275_c011619.png,18275,11619,3,480942.4877,4044488.5972,13,1.0
62,tile_r018275_c012387.png,18275,12387,4,480944.0237,4044488.5972,10,1.0
63,tile_r018275_c012643.png,18275,12643,4,480944.5356,4044488.5972,11,1.0
64,tile_r018275_c012899.png,18275,12899,4,480945.0476,4044488.5972,14,1.0
65,tile_r018275_c013155.png,18275,13155,4,480945.5596,4044488.5972,13,0.9755
66,tile_r018531_c005987.png,18531,5987,1,480931.2239,4044488.0852,12,1.0
67,tile_r018531_c006243.png,18531,6243,1,480931.7359,4044488.0852,13,1.0
68,tile_r018531_c006499.png,18531,6499,1,480932.2479,4044488.0852,10,1.0
69,tile_r018531_c006755.png,18531,6755,1,480932.7599,4044488.0852,15,1.0
70,tile_r018531_c007011.png,18531,7011,1,480933.2719,4044488.0852,9,1.0
71,tile_r018531_c007267.png,18531,7267,1,480933.7839,4044488.0852,13,1.0
72,tile_r018531_c008035.png,18531,8035,2,480935.3198,4044488.0852,11,1.0
73,tile_r018531_c008291.png,18531,8291,2,480935.8318,4044488.0852,15,1.0
74,tile_r018531_c008547.png,18531,8547,2,480936.3438,4044488.0852,13,1.0
75,tile_r018531_c008803.png,18531,8803,2,480936.8558,4044488.0852,13,1.0
76,tile_r018531_c009059.png,18531,9059,2,480937.3678,4044488.0852,14,1.0
77,tile_r018531_c009315.png,18531,9315,2,480937.8798,4044488.0852,7,1.0
78,tile_r018531_c010083.png,18531,10083,3,480939.4158,4044488.0852,11,1.0
79,tile_r018531_c010339.png,18531,10339,3,480939.9277,4044488.0852,12,1.0
80,tile_r018531_c010595.png,18531,10595,3,480940.4397,4044488.0852,10,1.0
81,tile_r018531_c010851.png,18531,10851,3,480940.9517,4044488.0852,6,1.0
82,tile_r018531_c011107.png,18531,11107,3,480941.4637,4044488.0852,7,1.0
83,tile_r018531_c011363.png,18531,11363,3,480941.9757,4044488.0852,7,1.0
84,tile_r018531_c011619.png,18531,11619,3,480942.4877,4044488.0852,12,1.0
85,tile_r018531_c012387.png,18531,12387,4,480944.0237,4044488.0852,11,1.0
86,tile_r018531_c012643.png,18531,12643,4,480944.5356,4044488.0852,12,1.0
87,tile_r018531_c012899.png,18531,12899,4,480945.0476,4044488.0852,12,1.0
88,tile_r018531_c013155.png,18531,13155,4,480945.5596,4044488.0852,16,1.0
89,tile_r018787_c005987.png,18787,5987,1,480931.2239,4044487.5732,11,1.0
90,tile_r018787_c006243.png,18787,6243,1,480931.7359,4044487.5732,12,1.0
91,tile_r018787_c006499.png,18787,6499,1,480932.2479,4044487.5732,11,1.0
92,tile_r018787_c006755.png,18787,6755,1,480932.7599,4044487.5732,12,1.0
93,tile_r018787_c007011.png,18787,7011,1,480933.2719,4044487.5732,9,1.0
94,tile_r018787_c007267.png,18787,7267,1,480933.7839,4044487.5732,11,1.0
95,tile_r018787_c008035.png,18787,8035,2,480935.3198,4044487.5732,12,1.0
96,tile_r018787_c008291.png,18787,8291,2,480935.8318,4044487.5732,11,1.0
97,tile_r018787_c008547.png,18787,8547,2,480936.3438,4044487.5732,9,1.0
98,tile_r018787_c008803.png,18787,8803,2,480936.8558,4044487.5732,11,1.0
99,tile_r018787_c009059.png,18787,9059,2,480937.3678,4044487.5732,12,1.0
100,tile_r018787_c009315.png,18787,9315,2,480937.8798,4044487.5732,11,1.0
101,tile_r018787_c010083.png,18787,10083,3,480939.4158,4044487.5732,9,1.0
102,tile_r018787_c010339.png,18787,10339,3,480939.9277,4044487.5732,13,1.0
103,tile_r018787_c010595.png,18787,10595,3,480940.4397,4044487.5732,13,1.0
104,tile_r018787_c010851.png,18787,10851,3,480940.9517,4044487.5732,9,1.0
105,tile_r018787_c011107.png,18787,11107,3,480941.4637,4044487.5732,9,1.0
106,tile_r018787_c011363.png,18787,11363,3,480941.9757,4044487.5732,7,1.0
107,tile_r018787_c011619.png,18787,11619,3,480942.4877,4044487.5732,13,1.0
108,tile_r018787_c012387.png,18787,12387,4,480944.0237,4044487.5732,15,1.0
109,tile_r018787_c012643.png,18787,12643,4,480944.5356,4044487.5732,13,1.0
110,tile_r018787_c012899.png,18787,12899,4,480945.0476,4044487.5732,10,1.0
111,tile_r018787_c013155.png,18787,13155,4,480945.5596,4044487.5732,15,1.0
112,tile_r018787_c013411.png,18787,13411,4,480946.0716,4044487.5732,12,0.9456
113,tile_r019043_c005987.png,19043,5987,1,480931.2239,4044487.0612,12,1.0
114,tile_r019043_c006243.png,19043,6243,1,480931.7359,4044487.0612,10,1.0
115,tile_r019043_c006499.png,19043,6499,1,480932.2479,4044487.0612,8,1.0
116,tile_r019043_c006755.png,19043,6755,1,480932.7599,4044487.0612,9,1.0
117,tile_r019043_c007011.png,19043,7011,1,480933.2719,4044487.0612,13,1.0
118,tile_r019043_c007267.png,19043,7267,1,480933.7839,4044487.0612,10,1.0
119,tile_r019043_c008035.png,19043,8035,2,480935.3198,4044487.0612,10,1.0
120,tile_r019043_c008291.png,19043,8291,2,480935.8318,4044487.0612,7,1.0
121,tile_r019043_c008547.png,19043,8547,2,480936.3438,4044487.0612,7,1.0
122,tile_r019043_c008803.png,19043,8803,2,480936.8558,4044487.0612,11,1.0
123,tile_r019043_c009059.png,19043,9059,2,480937.3678,4044487.0612,14,1.0
124,tile_r019043_c009315.png,19043,9315,2,480937.8798,4044487.0612,14,1.0
125,tile_r019043_c010083.png,19043,10083,3,480939.4158,4044487.0612,11,1.0
126,tile_r019043_c010339.png,19043,10339,3,480939.9277,4044487.0612,13,1.0
127,tile_r019043_c010595.png,19043,10595,3,480940.4397,4044487.0612,13,1.0
128,tile_r019043_c010851.png,19043,10851,3,480940.9517,4044487.0612,9,1.0
129,tile_r019043_c011107.png,19043,11107,3,480941.4637,4044487.0612,9,1.0
130,tile_r019043_c011363.png,19043,11363,3,480941.9757,4044487.0612,9,1.0
131,tile_r019043_c011619.png,19043,11619,3,480942.4877,4044487.0612,10,1.0
132,tile_r019043_c012387.png,19043,12387,4,480944.0237,4044487.0612,12,1.0
133,tile_r019043_c012643.png,19043,12643,4,480944.5356,4044487.0612,13,1.0
134,tile_r019043_c012899.png,19043,12899,4,480945.0476,4044487.0612,10,1.0
135,tile_r019043_c013155.png,19043,13155,4,480945.5596,4044487.0612,14,1.0
136,tile_r019043_c013411.png,19043,13411,4,480946.0716,4044487.0612,15,0.9995
137,tile_r019299_c005987.png,19299,5987,1,480931.2239,4044486.5492,11,1.0
138,tile_r019299_c006243.png,19299,6243,1,480931.7359,4044486.5492,9,1.0
139,tile_r019299_c006499.png,19299,6499,1,480932.2479,4044486.5492,10,1.0
140,tile_r019299_c006755.png,19299,6755,1,480932.7599,4044486.5492,12,1.0
141,tile_r019299_c007011.png,19299,7011,1,480933.2719,4044486.5492,14,1.0
142,tile_r019299_c007267.png,19299,7267,1,480933.7839,4044486.5492,10,1.0
143,tile_r019299_c008035.png,19299,8035,2,480935.3198,4044486.5492,9,1.0
144,tile_r019299_c008291.png,19299,8291,2,480935.8318,4044486.5492,7,1.0
145,tile_r019299_c008547.png,19299,8547,2,480936.3438,4044486.5492,8,1.0
146,tile_r019299_c008803.png,19299,8803,2,480936.8558,4044486.5492,12,1.0
147,tile_r019299_c009059.png,19299,9059,2,480937.3678,4044486.5492,13,1.0
148,tile_r019299_c009315.png,19299,9315,2,480937.8798,4044486.5492,17,1.0
149,tile_r019299_c010083.png,19299,10083,3,480939.4158,4044486.5492,11,1.0
150,tile_r019299_c010339.png,19299,10339,3,480939.9277,4044486.5492,11,1.0
151,tile_r019299_c010595.png,19299,10595,3,480940.4397,4044486.5492,12,1.0
152,tile_r019299_c010851.png,19299,10851,3,480940.9517,4044486.5492,11,1.0
153,tile_r019299_c011107.png,19299,11107,3,480941.4637,4044486.5492,10,1.0
154,tile_r019299_c011363.png,19299,11363,3,480941.9757,4044486.5492,12,1.0
155,tile_r019299_c011619.png,19299,11619,3,480942.4877,4044486.5492,8,1.0
156,tile_r019299_c012387.png,19299,12387,4,480944.0237,4044486.5492,9,1.0
157,tile_r019299_c012643.png,19299,12643,4,480944.5356,4044486.5492,11,1.0
158,tile_r019299_c012899.png,19299,12899,4,480945.0476,4044486.5492,12,1.0
159,tile_r019299_c013155.png,19299,13155,4,480945.5596,4044486.5492,16,1.0
160,tile_r019299_c013411.png,19299,13411,4,480946.0716,4044486.5492,18,1.0
161,tile_r019555_c005987.png,19555,5987,1,480931.2239,4044486.0372,13,1.0
162,tile_r019555_c006243.png,19555,6243,1,480931.7359,4044486.0372,11,1.0
163,tile_r019555_c006499.png,19555,6499,1,480932.2479,4044486.0372,13,1.0
164,tile_r019555_c006755.png,19555,6755,1,480932.7599,4044486.0372,15,1.0
165,tile_r019555_c007011.png,19555,7011,1,480933.2719,4044486.0372,14,1.0
166,tile_r019555_c007267.png,19555,7267,1,480933.7839,4044486.0372,14,1.0
167,tile_r019555_c008035.png,19555,8035,2,480935.3198,4044486.0372,10,1.0
168,tile_r019555_c008291.png,19555,8291,2,480935.8318,4044486.0372,7,1.0
169,tile_r019555_c008547.png,19555,8547,2,480936.3438,4044486.0372,7,1.0
170,tile_r019555_c008803.png,19555,8803,2,480936.8558,4044486.0372,7,1.0
171,tile_r019555_c009059.png,19555,9059,2,480937.3678,4044486.0372,8,1.0
172,tile_r019555_c009315.png,19555,9315,2,480937.8798,4044486.0372,17,1.0
173,tile_r019555_c010083.png,19555,10083,3,480939.4158,4044486.0372,14,1.0
174,tile_r019555_c010339.png,19555,10339,3,480939.9277,4044486.0372,14,1.0
175,tile_r019555_c010595.png,19555,10595,3,480940.4397,4044486.0372,14,1.0
176,tile_r019555_c010851.png,19555,10851,3,480940.9517,4044486.0372,15,1.0
177,tile_r019555_c011107.png,19555,11107,3,480941.4637,4044486.0372,12,1.0
178,tile_r019555_c011363.png,19555,11363,3,480941.9757,4044486.0372,12,1.0
179,tile_r019555_c011619.png,19555,11619,3,480942.4877,4044486.0372,9,1.0
180,tile_r019555_c012387.png,19555,12387,4,480944.0237,4044486.0372,11,1.0
181,tile_r019555_c012643.png,19555,12643,4,480944.5356,4044486.0372,10,1.0
182,tile_r019555_c012899.png,19555,12899,4,480945.0476,4044486.0372,11,1.0
183,tile_r019555_c013155.png,19555,13155,4,480945.5596,4044486.0372,13,1.0
184,tile_r019555_c013411.png,19555,13411,4,480946.0716,4044486.0372,16,1.0
185,tile_r019555_c013667.png,19555,13667,4,480946.5836,4044486.0372,12,0.9521
186,tile_r019811_c006243.png,19811,6243,1,480931.7359,4044485.5252,13,1.0
187,tile_r019811_c006499.png,19811,6499,1,480932.2479,4044485.5252,17,1.0
188,tile_r019811_c006755.png,19811,6755,1,480932.7599,4044485.5252,16,1.0
189,tile_r019811_c007011.png,19811,7011,1,480933.2719,4044485.5252,13,1.0
190,tile_r019811_c007267.png,19811,7267,1,480933.7839,4044485.5252,17,1.0
191,tile_r019811_c008035.png,19811,8035,2,480935.3198,4044485.5252,11,1.0
192,tile_r019811_c008291.png,19811,8291,2,480935.8318,4044485.5252,10,1.0
193,tile_r019811_c008547.png,19811,8547,2,480936.3438,4044485.5252,10,1.0
194,tile_r019811_c008803.png,19811,8803,2,480936.8558,4044485.5252,6,1.0
195,tile_r019811_c009059.png,19811,9059,2,480937.3678,4044485.5252,8,1.0
196,tile_r019811_c010083.png,19811,10083,3,480939.4158,4044485.5252,13,1.0
197,tile_r019811_c010339.png,19811,10339,3,480939.9277,4044485.5252,14,1.0
198,tile_r019811_c010595.png,19811,10595,3,480940.4397,4044485.5252,16,1.0
199,tile_r019811_c010851.png,19811,10851,3,480940.9517,4044485.5252,17,1.0
200,tile_r019811_c011107.png,19811,11107,3,480941.4637,4044485.5252,13,1.0
201,tile_r019811_c011363.png,19811,11363,3,480941.9757,4044485.5252,9,1.0
202,tile_r019811_c011619.png,19811,11619,3,480942.4877,4044485.5252,13,1.0
203,tile_r020067_c006499.png,20067,6499,1,480932.2479,4044485.0132,21,1.0
204,tile_r020067_c006755.png,20067,6755,1,480932.7599,4044485.0132,15,1.0
205,tile_r020067_c007011.png,20067,7011,1,480933.2719,4044485.0132,12,1.0
206,tile_r020067_c007267.png,20067,7267,1,480933.7839,4044485.0132,19,1.0
207,tile_r020067_c008035.png,20067,8035,2,480935.3198,4044485.0132,11,1.0
208,tile_r020067_c008291.png,20067,8291,2,480935.8318,4044485.0132,14,1.0
209,tile_r020067_c008547.png,20067,8547,2,480936.3438,4044485.0132,13,1.0
210,tile_r020067_c008803.png,20067,8803,2,480936.8558,4044485.0132,8,1.0
211,tile_r020067_c009059.png,20067,9059,2,480937.3678,4044485.0132,10,1.0
212,tile_r020067_c010083.png,20067,10083,3,480939.4158,4044485.0132,8,1.0
213,tile_r020323_c006755.png,20323,6755,1,480932.7599,4044484.5012,13,1.0
214,tile_r020323_c007011.png,20323,7011,1,480933.2719,4044484.5012,15,1.0
215,tile_r020323_c007267.png,20323,7267,1,480933.7839,4044484.5012,17,1.0
216,tile_r020323_c008035.png,20323,8035,2,480935.3198,4044484.5012,9,1.0
