A,B,metric,diff_median,ci_lo,ci_hi,p_two_sided
yolo26n-nms,yolo26n-e2e,AP50_cluster_pooled,0.006671229911536569,-0.007830562985407779,0.021188076015270018,0.353
yolo26n-nms,yolo26n-e2e,F1_cluster_pooled,0.004398562854140642,-0.008024429653142137,0.016772422565591336,0.504
yolo26n-nms,yolo26n-e2e,R_cluster_pooled,0.015220700152207,0.0013617318435753248,0.030583384927112014,0.05
yolo26n-nms,yolo26n-e2e,P_cluster_pooled,-0.005703017953972878,-0.020505863948688825,0.007648839432064028,0.428
rtdetr-l,yolo26n-e2e,AP50_cluster_pooled,-0.02110469070066001,-0.05016024637605772,0.00664946534480915,0.123
rtdetr-l,yolo26n-e2e,F1_cluster_pooled,-0.010914365400054638,-0.03325861245751924,0.010551694736342893,0.326
rtdetr-l,yolo26n-e2e,R_cluster_pooled,0.0015661947232605833,-0.02395329341317362,0.027466825641117333,0.944
rtdetr-l,yolo26n-e2e,P_cluster_pooled,-0.022401643528107418,-0.04660742926281351,0.00044199683461574295,0.057
rtdetr-l,yolo26n-nms,AP50_cluster_pooled,-0.028096412884291322,-0.05645093442861198,-0.0005222706285116105,0.049
rtdetr-l,yolo26n-nms,F1_cluster_pooled,-0.015515369058982265,-0.036796530913893545,0.005803598584938789,0.154
rtdetr-l,yolo26n-nms,R_cluster_pooled,-0.01383551931939031,-0.038520061728395054,0.010853557090672395,0.29
rtdetr-l,yolo26n-nms,P_cluster_pooled,-0.01694256666395455,-0.042493397905390334,0.007819933628955743,0.179
yolo26n-e2e,,AP50_cluster_pooled,0.9303707552557874,0.9022001310320122,0.9548503665894323,
yolo26n-e2e,,F1_cluster_pooled,0.8998864718249509,0.8753988754770483,0.9209374076492023,
yolo26n-e2e,,R_cluster_pooled,0.9097688748498465,0.8820764181224707,0.9355359204569622,
yolo26n-e2e,,P_cluster_pooled,0.8902439024390244,0.8626059619834353,0.9147319821441428,
yolo26n-nms,,AP50_cluster_pooled,0.9372576475881373,0.9104745696915807,0.9605120123028974,
yolo26n-nms,,F1_cluster_pooled,0.9039170174541353,0.8790817625967503,0.9263485752616796,
yolo26n-nms,,R_cluster_pooled,0.9249225263602261,0.8986774144101515,0.9502467320345233,
yolo26n-nms,,P_cluster_pooled,0.8838381103149475,0.8530270348463418,0.9127267779390421,
rtdetr-l,,AP50_cluster_pooled,0.908233731647919,0.8744623304570982,0.9398461030285898,
rtdetr-l,,F1_cluster_pooled,0.8882925746072512,0.8636012626693436,0.912035528213074,
rtdetr-l,,R_cluster_pooled,0.9114114114114115,0.8833087149187593,0.9373996087314662,
rtdetr-l,,P_cluster_pooled,0.8666666666666667,0.8373125496776473,0.8951273277302252,
