A,B,metric,n_folds,mean_A,mean_B,diff,sd_diff,ci_lo,ci_hi,folds_A_better,p_paired_t,p_wilcoxon,p_corrected_t
yolo26n-nms,yolo26n-e2e,AP50_tile,5,0.7821325089640074,0.7240348472734007,0.05809766169060672,0.035534211943165354,0.013976110016236082,0.10221921336497736,5,0.021658012676854355,0.0625,0.07141749424060881
yolo26n-nms,yolo26n-e2e,AP50_95_tile,5,0.3140995876936318,0.2901446309822109,0.02395495671142093,0.015396059461681339,0.0048382239636467865,0.04307168945919507,5,0.025372011764186318,0.0625,0.08118825569650408
yolo26n-nms,yolo26n-e2e,AP50_cluster,5,0.7914796791250327,0.7439757503976767,0.04750392872735583,0.04805453445882087,-0.012163656660604254,0.10717151411531592,4,0.09158050081897759,0.125,0.21458376205449717
yolo26n-nms,yolo26n-e2e,AP50_95_cluster,5,0.32571391374384284,0.3108989622997857,0.014814951444057112,0.016350822799889256,-0.0054872765675746445,0.03511717945568887,4,0.11272109032250859,0.1875,0.24814983165449672
yolo26n-nms,yolo26n-e2e,P_cluster,5,0.7513837242973104,0.7343930005837859,0.016990723713524537,0.031201452591052108,-0.021750996660446414,0.05573244408749549,3,0.29027422880298087,0.375,0.46246907968764966
yolo26n-nms,yolo26n-e2e,R_cluster,5,0.809579866987951,0.8054272023752989,0.004152664612652246,0.019120070026331443,-0.019588037982178404,0.027893367207482894,2,0.6526184280764262,0.625,0.7623365341535736
yolo26n-nms,yolo26n-e2e,F1_cluster,5,0.7770901080752143,0.7663270092089883,0.010763098866225928,0.02249304257483391,-0.017165702309009837,0.03869190004146169,3,0.34489905731483533,0.625,0.5150570614386474
yolo26n-nms,yolo26n-e2e,blk_MAE,4,1.051767676767677,1.2383838383838384,-0.18661616161616165,0.2500693710507559,-0.584532334598711,0.21130001136638768,3,0.23238819225595958,0.25,0.36873562964886963
yolo26n-nms,yolo26n-e2e,blk_R2_11,4,0.6724134575313586,0.6147200536937605,0.05769340383759819,0.1620950419166729,-0.20023597978866353,0.3156227874638599,2,0.5279227959356213,0.875,0.6493508355881449
rtdetr-l,yolo26n-e2e,AP50_tile,5,0.7667341756246938,0.7240348472734007,0.0426993283512931,0.06717060931196796,-0.04070399896878803,0.12610265567137424,4,0.2282427771386113,0.3125,0.39698059056520907
rtdetr-l,yolo26n-e2e,AP50_95_tile,5,0.3080650904621266,0.2901446309822109,0.01792045947991563,0.0590637317830956,-0.05541684987471758,0.09125776883454885,4,0.53471286152367,0.4375,0.6744998251862854
rtdetr-l,yolo26n-e2e,AP50_cluster,5,0.770801417310872,0.7439757503976767,0.026825666913195257,0.07923489572581839,-0.07155745051098274,0.12520878433737326,3,0.4911702935536476,0.4375,0.6403090232863959
rtdetr-l,yolo26n-e2e,AP50_95_cluster,5,0.30135898161934516,0.3108989622997857,-0.009539980680440579,0.06731284403132726,-0.09311991573084477,0.0740399543699636,3,0.7671636475179318,1.0,0.8430019440914759
rtdetr-l,yolo26n-e2e,P_cluster,5,0.7593051053928621,0.7343930005837859,0.02491210480907643,0.0955052078953638,-0.0936732734755627,0.14349748309371554,2,0.5910157734551174,0.8125,0.7172019571756674
rtdetr-l,yolo26n-e2e,R_cluster,5,0.8246750108998502,0.8054272023752989,0.019247808524551414,0.06093458049512248,-0.05641246632189146,0.0949080833709943,4,0.5189573552211263,0.625,0.6622566755960161
rtdetr-l,yolo26n-e2e,F1_cluster,5,0.7881718794033135,0.7663270092089883,0.021844870194325173,0.07213758940550942,-0.06772577748770114,0.11141551787635148,2,0.535462451485354,0.8125,0.6750788808115855
rtdetr-l,yolo26n-e2e,blk_MAE,4,1.37020202020202,1.2383838383838384,0.13181818181818167,0.9614695513962374,-1.398094428923688,1.6617307925600513,3,0.801726682077743,0.875,0.8586480878663639
rtdetr-l,yolo26n-e2e,blk_R2_11,4,0.5933359523466682,0.6147200536937605,-0.021384101347092205,0.4570856064039957,-0.7487093009964718,0.7059410983022874,3,0.9313517589964565,0.875,0.9514112380331524
rtdetr-l,yolo26n-nms,AP50_tile,5,0.7667341756246938,0.7821325089640074,-0.015398333339313619,0.044197504934484745,-0.07027678402689655,0.039480117348269304,2,0.47947089880586546,0.8125,0.6309226440703067
rtdetr-l,yolo26n-nms,AP50_95_tile,5,0.3080650904621266,0.3140995876936318,-0.006034497231505298,0.07085811030888092,-0.09401646178279374,0.08194746731978314,2,0.8582459658270714,0.625,0.9051031083625202
rtdetr-l,yolo26n-nms,AP50_cluster,5,0.770801417310872,0.7914796791250327,-0.02067826181416057,0.05592983959693153,-0.09012433006698176,0.048767806438660626,3,0.45486151465308905,0.8125,0.6108724962585708
rtdetr-l,yolo26n-nms,AP50_95_cluster,5,0.30135898161934516,0.32571391374384284,-0.024354932124497693,0.0622050038862578,-0.10159264595818923,0.05288278170919384,2,0.43073600176342297,0.625,0.5907800235260048
rtdetr-l,yolo26n-nms,P_cluster,5,0.7593051053928621,0.7513837242973104,0.007921381095551894,0.0846420261417827,-0.09717557549972154,0.11301833769082532,3,0.8444657243991548,0.8125,0.8957888313073182
rtdetr-l,yolo26n-nms,R_cluster,5,0.8246750108998502,0.809579866987951,0.015095143911899167,0.06720169922614462,-0.06834678663532236,0.0985370744591207,4,0.6418643238235648,0.625,0.7545610220272454
rtdetr-l,yolo26n-nms,F1_cluster,5,0.7881718794033135,0.7770901080752143,0.011081771328099243,0.0637965644065623,-0.06813212590461684,0.09029566856081533,3,0.7174957290492429,1.0,0.8084581085868298
rtdetr-l,yolo26n-nms,blk_MAE,4,1.37020202020202,1.051767676767677,0.31843434343434335,0.8280920265577526,-0.9992448617424656,1.6361135486111522,2,0.4978484383217078,1.0,0.6243755691665246
rtdetr-l,yolo26n-nms,blk_R2_11,4,0.5933359523466682,0.6724134575313586,-0.0790775051846904,0.42113873198947677,-0.7492032060005783,0.5910481956311976,3,0.7322390922271931,0.875,0.8077900103611576
