setting,model,n,median_ratio,mean_ratio,q25,q75
"no border, best",yolo26n-e2e,3036,1.1882361011406637,1.2029343748037034,1.0743368429995417,1.319682285014693
"no border, best",yolo26n-nms,2545,1.1923679958995934,1.2003974871518008,1.0797887425298707,1.3092512269764685
"no border, best",rtdetr-l,2654,1.0426639526315618,1.052336671405321,0.9460706781623054,1.1595225501585105
"16-px border, best",yolo26n-e2e,2731,1.0019137102188407,1.019243016194029,0.9166796773590417,1.1086766044955083
"16-px border, best",yolo26n-nms,2454,1.0049642232586278,1.024450878590588,0.9268776925886009,1.114585811911899
"16-px border, best",rtdetr-l,2672,0.9565970388386955,0.9576666346254159,0.8429735295946086,1.0592393434995948
"no border, last",yolo26n-e2e,2807,1.1877237006015,1.205734040856282,1.0610363354200918,1.3247235314741446
"no border, last",yolo26n-nms,2544,1.1871634844704344,1.1984660491461476,1.0586553311014257,1.3142852058763368
"no border, last",rtdetr-l,2564,1.1740817236938803,1.191357254864392,1.0650887761181074,1.3178624676852553
"16-px border, last",yolo26n-e2e,2709,1.032003671096584,1.0571054622581983,0.9382073823786539,1.159619614248604
"16-px border, last",yolo26n-nms,2538,1.0281628403774907,1.0496584194735932,0.9377230335975154,1.1449961789782983
"16-px border, last",rtdetr-l,2602,1.0209614848303052,1.0344857264807104,0.9320403509736352,1.1376984116773843
