model,fold,best_epoch,lfo_epoch,used_epoch,last_epoch,mAP50_best,mAP50_lfo,mAP50_last,mAP5095_best,mAP5095_lfo,mAP5095_last
yolo26n-e2e,0,80,76,76,130,0.91096,0.87636,0.90837,0.54993,0.48025,0.52414
yolo26n-e2e,1,128,76,76,150,0.89961,0.86898,0.90316,0.51018,0.46734,0.50158
yolo26n-e2e,2,74,79,79,124,0.89394,0.86674,0.8964,0.44364,0.39073,0.41536
yolo26n-e2e,3,79,77,77,129,0.90339,0.90459,0.92584,0.44109,0.42153,0.43876
yolo26n-e2e,4,31,79,79,81,0.8579,0.90063,0.78703,0.41844,0.40518,0.30345
rtdetr-l,0,18,28,28,38,0.93776,0.89282,0.87422,0.52778,0.49394,0.48324
rtdetr-l,1,21,27,27,41,0.92658,0.90046,0.83966,0.47923,0.42382,0.33459
rtdetr-l,2,59,19,19,79,0.90867,0.76598,0.82467,0.40772,0.26614,0.32649
rtdetr-l,3,36,19,19,56,0.93404,0.3324,0.75746,0.40564,0.07448,0.24063
rtdetr-l,4,16,28,28,36,0.86511,0.73558,0.53096,0.33399,0.2627,0.14244
