model,criterion,threshold,n,density_m2,box_side_median_cm,box_side_IQR,box_cover_pct,conf_median,n_in_annotated_area,cv_count_ratio,n_bias_corrected
yolo26n-e2e,CV F1-optimal,0.15,18893,12.657953415979213,8.052215115710299,"[6.645450132400001, 9.645327083345016]",9.207705153536773,0.7660486698150635,1366.0,1.043,18114.093959731545
yolo26n-e2e,CV count-calibrated,0.24,18193,12.188966627688023,8.128304099576521,"[6.742929206528435, 9.69972500872702]",9.002912367216915,0.7738649845123291,,,
yolo26n-e2e,common 0.25,0.25,18111,12.13402817534534,8.134153736163174,"[6.753693608138686, 9.706401407058603]",8.979935400659826,0.7746946811676025,,,
yolo26n-e2e,common 0.50,0.5,15498,10.383367492766942,8.361359225081056,"[7.046850997605793, 9.846297268427104]",8.030013891472025,0.8013012707233429,,,
yolo26n-nms,CV F1-optimal,0.38,18091,12.120628552822735,8.234592264133097,"[6.821861245700738, 9.750375196092914]",9.138347348138602,0.7641983032226562,1309.0,0.992,18236.895161290322
yolo26n-nms,CV count-calibrated,0.34,18356,12.298173551247258,8.200803558257913,"[6.786886137495442, 9.732512992757108]",9.22602138314205,0.7627134025096893,,,
yolo26n-nms,common 0.25,0.25,18915,12.672693000754078,8.136054452436627,"[6.703309345602863, 9.680223790459634]",9.386242396513186,0.7597768306732178,,,
yolo26n-nms,common 0.50,0.5,17138,11.482136539620587,8.340279304697983,"[6.9653062788237925, 9.820053276441298]",8.848386067450978,0.7687792479991913,,,
rtdetr-l,CV F1-optimal,0.61,18446,12.358471852598981,8.206692380576131,"[6.767253783733743, 9.791996441231214]",9.481473159187782,0.8567062318325043,1293.0,1.021,18066.601371204702
rtdetr-l,CV count-calibrated,0.64,18246,12.224475627372927,8.223276376548153,"[6.794303509293288, 9.80642480691039]",9.407313323632765,0.8569786548614502,,,
rtdetr-l,common 0.25,0.25,20744,13.898088480446345,7.955587396118942,"[6.41237304518815, 9.637452139029172]",10.196712060843526,0.8535462915897369,,,
rtdetr-l,common 0.50,0.5,19151,12.830808546520823,8.134554360445222,"[6.66563361124235, 9.738075437790254]",9.698961022670044,0.8558037281036377,,,
